class id,filepaths,labels,data set,scientific name
0.0,train/ABBOTTS BABBLER/001.jpg,ABBOTTS BABBLER,train,MALACOCINCLA ABBOTTI
0.0,train/ABBOTTS BABBLER/007.jpg,ABBOTTS BABBLER,train,MALACOCINCLA ABBOTTI
0.0,train/ABBOTTS BABBLER/008.jpg,ABBOTTS BABBLER,train,MALACOCINCLA ABBOTTI
0.0,train/ABBOTTS BABBLER/009.jpg,ABBOTTS BABBLER,train,MALACOCINCLA ABBOTTI
0.0,train/ABBOTTS BABBLER/002.jpg,ABBOTTS BABBLER,train,MALACOCINCLA ABBOTTI
0.0,train/ABBOTTS BABBLER/003.jpg,ABBOTTS BABBLER,train,MALACOCINCLA ABBOTTI
0.0,train/ABBOTTS BABBLER/004.jpg,ABBOTTS BABBLER,train,MALACOCINCLA ABBOTTI
0.0,train/ABBOTTS BABBLER/005.jpg,ABBOTTS BABBLER,train,MALACOCINCLA ABBOTTI
0.0,train/ABBOTTS BABBLER/006.jpg,ABBOTTS BABBLER,train,MALACOCINCLA ABBOTTI
0.0,train/ABBOTTS BABBLER/010.jpg,ABBOTTS BABBLER,train,MALACOCINCLA ABBOTTI
0.0,train/ABBOTTS BABBLER/016.jpg,ABBOTTS BABBLER,train,MALACOCINCLA ABBOTTI
0.0,train/ABBOTTS BABBLER/017.jpg,ABBOTTS BABBLER,train,MALACOCINCLA ABBOTTI
0.0,train/ABBOTTS BABBLER/039.jpg,ABBOTTS BABBLER,train,MALACOCINCLA ABBOTTI
0.0,train/ABBOTTS BABBLER/040.jpg,ABBOTTS BABBLER,train,MALACOCINCLA ABBOTTI
0.0,train/ABBOTTS BABBLER/023.jpg,ABBOTTS BABBLER,train,MALACOCINCLA ABBOTTI
0.0,train/ABBOTTS BABBLER/025.jpg,ABBOTTS BABBLER,train,MALACOCINCLA ABBOTTI
0.0,train/ABBOTTS BABBLER/027.jpg,ABBOTTS BABBLER,train,MALACOCINCLA ABBOTTI
0.0,train/ABBOTTS BABBLER/015.jpg,ABBOTTS BABBLER,train,MALACOCINCLA ABBOTTI
0.0,train/ABBOTTS BABBLER/077.jpg,ABBOTTS BABBLER,train,MALACOCINCLA ABBOTTI
0.0,train/ABBOTTS BABBLER/014.jpg,ABBOTTS BABBLER,train,MALACOCINCLA ABBOTTI
0.0,train/ABBOTTS BABBLER/073.jpg,ABBOTTS BABBLER,train,MALACOCINCLA ABBOTTI
0.0,train/ABBOTTS BABBLER/024.jpg,ABBOTTS BABBLER,train,MALACOCINCLA ABBOTTI
0.0,train/ABBOTTS BABBLER/032.jpg,ABBOTTS BABBLER,train,MALACOCINCLA ABBOTTI
0.0,train/ABBOTTS BABBLER/026.jpg,ABBOTTS BABBLER,train,MALACOCINCLA ABBOTTI
0.0,train/ABBOTTS BABBLER/034.jpg,ABBOTTS BABBLER,train,MALACOCINCLA ABBOTTI
0.0,train/ABBOTTS BABBLER/028.jpg,ABBOTTS BABBLER,train,MALACOCINCLA ABBOTTI
0.0,train/ABBOTTS BABBLER/036.jpg,ABBOTTS BABBLER,train,MALACOCINCLA ABBOTTI
0.0,train/ABBOTTS BABBLER/022.jpg,ABBOTTS BABBLER,train,MALACOCINCLA ABBOTTI
0.0,train/ABBOTTS BABBLER/038.jpg,ABBOTTS BABBLER,train,MALACOCINCLA ABBOTTI
0.0,train/ABBOTTS BABBLER/021.jpg,ABBOTTS BABBLER,train,MALACOCINCLA ABBOTTI
0.0,train/ABBOTTS BABBLER/033.jpg,ABBOTTS BABBLER,train,MALACOCINCLA ABBOTTI
0.0,train/ABBOTTS BABBLER/019.jpg,ABBOTTS BABBLER,train,MALACOCINCLA ABBOTTI
0.0,train/ABBOTTS BABBLER/035.jpg,ABBOTTS BABBLER,train,MALACOCINCLA ABBOTTI
0.0,train/ABBOTTS BABBLER/082.jpg,ABBOTTS BABBLER,train,MALACOCINCLA ABBOTTI
0.0,train/ABBOTTS BABBLER/037.jpg,ABBOTTS BABBLER,train,MALACOCINCLA ABBOTTI
0.0,train/ABBOTTS BABBLER/066.jpg,ABBOTTS BABBLER,train,MALACOCINCLA ABBOTTI
0.0,train/ABBOTTS BABBLER/031.jpg,ABBOTTS BABBLER,train,MALACOCINCLA ABBOTTI
0.0,train/ABBOTTS BABBLER/069.jpg,ABBOTTS BABBLER,train,MALACOCINCLA ABBOTTI
0.0,train/ABBOTTS BABBLER/029.jpg,ABBOTTS BABBLER,train,MALACOCINCLA ABBOTTI
0.0,train/ABBOTTS BABBLER/030.jpg,ABBOTTS BABBLER,train,MALACOCINCLA ABBOTTI
0.0,train/ABBOTTS BABBLER/013.jpg,ABBOTTS BABBLER,train,MALACOCINCLA ABBOTTI
0.0,train/ABBOTTS BABBLER/079.jpg,ABBOTTS BABBLER,train,MALACOCINCLA ABBOTTI
0.0,train/ABBOTTS BABBLER/052.jpg,ABBOTTS BABBLER,train,MALACOCINCLA ABBOTTI
0.0,train/ABBOTTS BABBLER/059.jpg,ABBOTTS BABBLER,train,MALACOCINCLA ABBOTTI
0.0,train/ABBOTTS BABBLER/043.jpg,ABBOTTS BABBLER,train,MALACOCINCLA ABBOTTI
0.0,train/ABBOTTS BABBLER/055.jpg,ABBOTTS BABBLER,train,MALACOCINCLA ABBOTTI
0.0,train/ABBOTTS BABBLER/054.jpg,ABBOTTS BABBLER,train,MALACOCINCLA ABBOTTI
0.0,train/ABBOTTS BABBLER/056.jpg,ABBOTTS BABBLER,train,MALACOCINCLA ABBOTTI
0.0,train/ABBOTTS BABBLER/046.jpg,ABBOTTS BABBLER,train,MALACOCINCLA ABBOTTI
0.0,train/ABBOTTS BABBLER/058.jpg,ABBOTTS BABBLER,train,MALACOCINCLA ABBOTTI
0.0,train/ABBOTTS BABBLER/057.jpg,ABBOTTS BABBLER,train,MALACOCINCLA ABBOTTI
0.0,train/ABBOTTS BABBLER/050.jpg,ABBOTTS BABBLER,train,MALACOCINCLA ABBOTTI
0.0,train/ABBOTTS BABBLER/060.jpg,ABBOTTS BABBLER,train,MALACOCINCLA ABBOTTI
0.0,train/ABBOTTS BABBLER/044.jpg,ABBOTTS BABBLER,train,MALACOCINCLA ABBOTTI
0.0,train/ABBOTTS BABBLER/045.jpg,ABBOTTS BABBLER,train,MALACOCINCLA ABBOTTI
0.0,train/ABBOTTS BABBLER/061.jpg,ABBOTTS BABBLER,train,MALACOCINCLA ABBOTTI
0.0,train/ABBOTTS BABBLER/047.jpg,ABBOTTS BABBLER,train,MALACOCINCLA ABBOTTI
0.0,train/ABBOTTS BABBLER/049.jpg,ABBOTTS BABBLER,train,MALACOCINCLA ABBOTTI
0.0,train/ABBOTTS BABBLER/048.jpg,ABBOTTS BABBLER,train,MALACOCINCLA ABBOTTI
0.0,train/ABBOTTS BABBLER/051.jpg,ABBOTTS BABBLER,train,MALACOCINCLA ABBOTTI
0.0,train/ABBOTTS BABBLER/053.jpg,ABBOTTS BABBLER,train,MALACOCINCLA ABBOTTI
0.0,train/ABBOTTS BABBLER/065.jpg,ABBOTTS BABBLER,train,MALACOCINCLA ABBOTTI
0.0,train/ABBOTTS BABBLER/041.jpg,ABBOTTS BABBLER,train,MALACOCINCLA ABBOTTI
0.0,train/ABBOTTS BABBLER/062.jpg,ABBOTTS BABBLER,train,MALACOCINCLA ABBOTTI
0.0,train/ABBOTTS BABBLER/020.jpg,ABBOTTS BABBLER,train,MALACOCINCLA ABBOTTI
0.0,train/ABBOTTS BABBLER/042.jpg,ABBOTTS BABBLER,train,MALACOCINCLA ABBOTTI
0.0,train/ABBOTTS BABBLER/070.jpg,ABBOTTS BABBLER,train,MALACOCINCLA ABBOTTI
0.0,train/ABBOTTS BABBLER/018.jpg,ABBOTTS BABBLER,train,MALACOCINCLA ABBOTTI
0.0,train/ABBOTTS BABBLER/064.jpg,ABBOTTS BABBLER,train,MALACOCINCLA ABBOTTI
0.0,train/ABBOTTS BABBLER/068.jpg,ABBOTTS BABBLER,train,MALACOCINCLA ABBOTTI
0.0,train/ABBOTTS BABBLER/074.jpg,ABBOTTS BABBLER,train,MALACOCINCLA ABBOTTI
0.0,train/ABBOTTS BABBLER/011.jpg,ABBOTTS BABBLER,train,MALACOCINCLA ABBOTTI
0.0,train/ABBOTTS BABBLER/067.jpg,ABBOTTS BABBLER,train,MALACOCINCLA ABBOTTI
0.0,train/ABBOTTS BABBLER/072.jpg,ABBOTTS BABBLER,train,MALACOCINCLA ABBOTTI
0.0,train/ABBOTTS BABBLER/078.jpg,ABBOTTS BABBLER,train,MALACOCINCLA ABBOTTI
0.0,train/ABBOTTS BABBLER/012.jpg,ABBOTTS BABBLER,train,MALACOCINCLA ABBOTTI
0.0,train/ABBOTTS BABBLER/071.jpg,ABBOTTS BABBLER,train,MALACOCINCLA ABBOTTI
0.0,train/ABBOTTS BABBLER/076.jpg,ABBOTTS BABBLER,train,MALACOCINCLA ABBOTTI
0.0,train/ABBOTTS BABBLER/063.jpg,ABBOTTS BABBLER,train,MALACOCINCLA ABBOTTI
0.0,train/ABBOTTS BABBLER/075.jpg,ABBOTTS BABBLER,train,MALACOCINCLA ABBOTTI
0.0,train/ABBOTTS BABBLER/081.jpg,ABBOTTS BABBLER,train,MALACOCINCLA ABBOTTI
0.0,train/ABBOTTS BABBLER/080.jpg,ABBOTTS BABBLER,train,MALACOCINCLA ABBOTTI
0.0,train/ABBOTTS BABBLER/083.jpg,ABBOTTS BABBLER,train,MALACOCINCLA ABBOTTI
0.0,train/ABBOTTS BABBLER/093.jpg,ABBOTTS BABBLER,train,MALACOCINCLA ABBOTTI
0.0,train/ABBOTTS BABBLER/087.jpg,ABBOTTS BABBLER,train,MALACOCINCLA ABBOTTI
0.0,train/ABBOTTS BABBLER/095.jpg,ABBOTTS BABBLER,train,MALACOCINCLA ABBOTTI
0.0,train/ABBOTTS BABBLER/089.jpg,ABBOTTS BABBLER,train,MALACOCINCLA ABBOTTI
0.0,train/ABBOTTS BABBLER/097.jpg,ABBOTTS BABBLER,train,MALACOCINCLA ABBOTTI
0.0,train/ABBOTTS BABBLER/091.jpg,ABBOTTS BABBLER,train,MALACOCINCLA ABBOTTI
0.0,train/ABBOTTS BABBLER/099.jpg,ABBOTTS BABBLER,train,MALACOCINCLA ABBOTTI
0.0,train/ABBOTTS BABBLER/085.jpg,ABBOTTS BABBLER,train,MALACOCINCLA ABBOTTI
0.0,train/ABBOTTS BABBLER/101.jpg,ABBOTTS BABBLER,train,MALACOCINCLA ABBOTTI
0.0,train/ABBOTTS BABBLER/102.jpg,ABBOTTS BABBLER,train,MALACOCINCLA ABBOTTI
0.0,train/ABBOTTS BABBLER/096.jpg,ABBOTTS BABBLER,train,MALACOCINCLA ABBOTTI
0.0,train/ABBOTTS BABBLER/104.jpg,ABBOTTS BABBLER,train,MALACOCINCLA ABBOTTI
0.0,train/ABBOTTS BABBLER/098.jpg,ABBOTTS BABBLER,train,MALACOCINCLA ABBOTTI
0.0,train/ABBOTTS BABBLER/127.jpg,ABBOTTS BABBLER,train,MALACOCINCLA ABBOTTI
0.0,train/ABBOTTS BABBLER/100.jpg,ABBOTTS BABBLER,train,MALACOCINCLA ABBOTTI
0.0,train/ABBOTTS BABBLER/130.jpg,ABBOTTS BABBLER,train,MALACOCINCLA ABBOTTI
0.0,train/ABBOTTS BABBLER/094.jpg,ABBOTTS BABBLER,train,MALACOCINCLA ABBOTTI
0.0,train/ABBOTTS BABBLER/133.jpg,ABBOTTS BABBLER,train,MALACOCINCLA ABBOTTI
0.0,train/ABBOTTS BABBLER/137.jpg,ABBOTTS BABBLER,train,MALACOCINCLA ABBOTTI
0.0,train/ABBOTTS BABBLER/118.jpg,ABBOTTS BABBLER,train,MALACOCINCLA ABBOTTI
0.0,train/ABBOTTS BABBLER/141.jpg,ABBOTTS BABBLER,train,MALACOCINCLA ABBOTTI
0.0,train/ABBOTTS BABBLER/110.jpg,ABBOTTS BABBLER,train,MALACOCINCLA ABBOTTI
0.0,train/ABBOTTS BABBLER/111.jpg,ABBOTTS BABBLER,train,MALACOCINCLA ABBOTTI
0.0,train/ABBOTTS BABBLER/112.jpg,ABBOTTS BABBLER,train,MALACOCINCLA ABBOTTI
0.0,train/ABBOTTS BABBLER/105.jpg,ABBOTTS BABBLER,train,MALACOCINCLA ABBOTTI
0.0,train/ABBOTTS BABBLER/106.jpg,ABBOTTS BABBLER,train,MALACOCINCLA ABBOTTI
0.0,train/ABBOTTS BABBLER/107.jpg,ABBOTTS BABBLER,train,MALACOCINCLA ABBOTTI
0.0,train/ABBOTTS BABBLER/108.jpg,ABBOTTS BABBLER,train,MALACOCINCLA ABBOTTI
0.0,train/ABBOTTS BABBLER/109.jpg,ABBOTTS BABBLER,train,MALACOCINCLA ABBOTTI
0.0,train/ABBOTTS BABBLER/113.jpg,ABBOTTS BABBLER,train,MALACOCINCLA ABBOTTI
0.0,train/ABBOTTS BABBLER/119.jpg,ABBOTTS BABBLER,train,MALACOCINCLA ABBOTTI
0.0,train/ABBOTTS BABBLER/120.jpg,ABBOTTS BABBLER,train,MALACOCINCLA ABBOTTI
0.0,train/ABBOTTS BABBLER/121.jpg,ABBOTTS BABBLER,train,MALACOCINCLA ABBOTTI
0.0,train/ABBOTTS BABBLER/122.jpg,ABBOTTS BABBLER,train,MALACOCINCLA ABBOTTI
0.0,train/ABBOTTS BABBLER/084.jpg,ABBOTTS BABBLER,train,MALACOCINCLA ABBOTTI
0.0,train/ABBOTTS BABBLER/086.jpg,ABBOTTS BABBLER,train,MALACOCINCLA ABBOTTI
0.0,train/ABBOTTS BABBLER/088.jpg,ABBOTTS BABBLER,train,MALACOCINCLA ABBOTTI
0.0,train/ABBOTTS BABBLER/090.jpg,ABBOTTS BABBLER,train,MALACOCINCLA ABBOTTI
0.0,train/ABBOTTS BABBLER/092.jpg,ABBOTTS BABBLER,train,MALACOCINCLA ABBOTTI
0.0,train/ABBOTTS BABBLER/117.jpg,ABBOTTS BABBLER,train,MALACOCINCLA ABBOTTI
0.0,train/ABBOTTS BABBLER/139.jpg,ABBOTTS BABBLER,train,MALACOCINCLA ABBOTTI
0.0,train/ABBOTTS BABBLER/143.jpg,ABBOTTS BABBLER,train,MALACOCINCLA ABBOTTI
0.0,train/ABBOTTS BABBLER/123.jpg,ABBOTTS BABBLER,train,MALACOCINCLA ABBOTTI
0.0,train/ABBOTTS BABBLER/124.jpg,ABBOTTS BABBLER,train,MALACOCINCLA ABBOTTI
0.0,train/ABBOTTS BABBLER/144.jpg,ABBOTTS BABBLER,train,MALACOCINCLA ABBOTTI
0.0,train/ABBOTTS BABBLER/103.jpg,ABBOTTS BABBLER,train,MALACOCINCLA ABBOTTI
0.0,train/ABBOTTS BABBLER/125.jpg,ABBOTTS BABBLER,train,MALACOCINCLA ABBOTTI
0.0,train/ABBOTTS BABBLER/134.jpg,ABBOTTS BABBLER,train,MALACOCINCLA ABBOTTI
0.0,train/ABBOTTS BABBLER/114.jpg,ABBOTTS BABBLER,train,MALACOCINCLA ABBOTTI
0.0,train/ABBOTTS BABBLER/128.jpg,ABBOTTS BABBLER,train,MALACOCINCLA ABBOTTI
0.0,train/ABBOTTS BABBLER/132.jpg,ABBOTTS BABBLER,train,MALACOCINCLA ABBOTTI
0.0,train/ABBOTTS BABBLER/138.jpg,ABBOTTS BABBLER,train,MALACOCINCLA ABBOTTI
0.0,train/ABBOTTS BABBLER/115.jpg,ABBOTTS BABBLER,train,MALACOCINCLA ABBOTTI
0.0,train/ABBOTTS BABBLER/131.jpg,ABBOTTS BABBLER,train,MALACOCINCLA ABBOTTI
0.0,train/ABBOTTS BABBLER/136.jpg,ABBOTTS BABBLER,train,MALACOCINCLA ABBOTTI
0.0,train/ABBOTTS BABBLER/142.jpg,ABBOTTS BABBLER,train,MALACOCINCLA ABBOTTI
0.0,train/ABBOTTS BABBLER/116.jpg,ABBOTTS BABBLER,train,MALACOCINCLA ABBOTTI
0.0,train/ABBOTTS BABBLER/135.jpg,ABBOTTS BABBLER,train,MALACOCINCLA ABBOTTI
0.0,train/ABBOTTS BABBLER/140.jpg,ABBOTTS BABBLER,train,MALACOCINCLA ABBOTTI
0.0,train/ABBOTTS BABBLER/126.jpg,ABBOTTS BABBLER,train,MALACOCINCLA ABBOTTI
0.0,train/ABBOTTS BABBLER/129.jpg,ABBOTTS BABBLER,train,MALACOCINCLA ABBOTTI
0.0,train/ABBOTTS BABBLER/158.jpg,ABBOTTS BABBLER,train,MALACOCINCLA ABBOTTI
0.0,train/ABBOTTS BABBLER/155.jpg,ABBOTTS BABBLER,train,MALACOCINCLA ABBOTTI
0.0,train/ABBOTTS BABBLER/163.jpg,ABBOTTS BABBLER,train,MALACOCINCLA ABBOTTI
0.0,train/ABBOTTS BABBLER/157.jpg,ABBOTTS BABBLER,train,MALACOCINCLA ABBOTTI
0.0,train/ABBOTTS BABBLER/156.jpg,ABBOTTS BABBLER,train,MALACOCINCLA ABBOTTI
0.0,train/ABBOTTS BABBLER/148.jpg,ABBOTTS BABBLER,train,MALACOCINCLA ABBOTTI
0.0,train/ABBOTTS BABBLER/160.jpg,ABBOTTS BABBLER,train,MALACOCINCLA ABBOTTI
0.0,train/ABBOTTS BABBLER/159.jpg,ABBOTTS BABBLER,train,MALACOCINCLA ABBOTTI
0.0,train/ABBOTTS BABBLER/161.jpg,ABBOTTS BABBLER,train,MALACOCINCLA ABBOTTI
0.0,train/ABBOTTS BABBLER/151.jpg,ABBOTTS BABBLER,train,MALACOCINCLA ABBOTTI
0.0,train/ABBOTTS BABBLER/162.jpg,ABBOTTS BABBLER,train,MALACOCINCLA ABBOTTI
0.0,train/ABBOTTS BABBLER/153.jpg,ABBOTTS BABBLER,train,MALACOCINCLA ABBOTTI
0.0,train/ABBOTTS BABBLER/147.jpg,ABBOTTS BABBLER,train,MALACOCINCLA ABBOTTI
0.0,train/ABBOTTS BABBLER/146.jpg,ABBOTTS BABBLER,train,MALACOCINCLA ABBOTTI
0.0,train/ABBOTTS BABBLER/149.jpg,ABBOTTS BABBLER,train,MALACOCINCLA ABBOTTI
0.0,train/ABBOTTS BABBLER/150.jpg,ABBOTTS BABBLER,train,MALACOCINCLA ABBOTTI
0.0,train/ABBOTTS BABBLER/145.jpg,ABBOTTS BABBLER,train,MALACOCINCLA ABBOTTI
0.0,train/ABBOTTS BABBLER/152.jpg,ABBOTTS BABBLER,train,MALACOCINCLA ABBOTTI
0.0,train/ABBOTTS BABBLER/154.jpg,ABBOTTS BABBLER,train,MALACOCINCLA ABBOTTI
1.0,train/ABBOTTS BOOBY/007.jpg,ABBOTTS BOOBY,train,PAPASULA ABBOTTI
1.0,train/ABBOTTS BOOBY/090.jpg,ABBOTTS BOOBY,train,PAPASULA ABBOTTI
1.0,train/ABBOTTS BOOBY/054.jpg,ABBOTTS BOOBY,train,PAPASULA ABBOTTI
1.0,train/ABBOTTS BOOBY/009.jpg,ABBOTTS BOOBY,train,PAPASULA ABBOTTI
1.0,train/ABBOTTS BOOBY/053.jpg,ABBOTTS BOOBY,train,PAPASULA ABBOTTI
1.0,train/ABBOTTS BOOBY/008.jpg,ABBOTTS BOOBY,train,PAPASULA ABBOTTI
1.0,train/ABBOTTS BOOBY/055.jpg,ABBOTTS BOOBY,train,PAPASULA ABBOTTI
1.0,train/ABBOTTS BOOBY/056.jpg,ABBOTTS BOOBY,train,PAPASULA ABBOTTI
1.0,train/ABBOTTS BOOBY/010.jpg,ABBOTTS BOOBY,train,PAPASULA ABBOTTI
1.0,train/ABBOTTS BOOBY/020.jpg,ABBOTTS BOOBY,train,PAPASULA ABBOTTI
1.0,train/ABBOTTS BOOBY/013.jpg,ABBOTTS BOOBY,train,PAPASULA ABBOTTI
1.0,train/ABBOTTS BOOBY/014.jpg,ABBOTTS BOOBY,train,PAPASULA ABBOTTI
1.0,train/ABBOTTS BOOBY/015.jpg,ABBOTTS BOOBY,train,PAPASULA ABBOTTI
1.0,train/ABBOTTS BOOBY/016.jpg,ABBOTTS BOOBY,train,PAPASULA ABBOTTI
1.0,train/ABBOTTS BOOBY/017.jpg,ABBOTTS BOOBY,train,PAPASULA ABBOTTI
1.0,train/ABBOTTS BOOBY/011.jpg,ABBOTTS BOOBY,train,PAPASULA ABBOTTI
1.0,train/ABBOTTS BOOBY/012.jpg,ABBOTTS BOOBY,train,PAPASULA ABBOTTI
1.0,train/ABBOTTS BOOBY/004.jpg,ABBOTTS BOOBY,train,PAPASULA ABBOTTI
1.0,train/ABBOTTS BOOBY/018.jpg,ABBOTTS BOOBY,train,PAPASULA ABBOTTI
1.0,train/ABBOTTS BOOBY/019.jpg,ABBOTTS BOOBY,train,PAPASULA ABBOTTI
1.0,train/ABBOTTS BOOBY/022.jpg,ABBOTTS BOOBY,train,PAPASULA ABBOTTI
1.0,train/ABBOTTS BOOBY/026.jpg,ABBOTTS BOOBY,train,PAPASULA ABBOTTI
1.0,train/ABBOTTS BOOBY/023.jpg,ABBOTTS BOOBY,train,PAPASULA ABBOTTI
1.0,train/ABBOTTS BOOBY/024.jpg,ABBOTTS BOOBY,train,PAPASULA ABBOTTI
1.0,train/ABBOTTS BOOBY/021.jpg,ABBOTTS BOOBY,train,PAPASULA ABBOTTI
1.0,train/ABBOTTS BOOBY/025.jpg,ABBOTTS BOOBY,train,PAPASULA ABBOTTI
1.0,train/ABBOTTS BOOBY/027.jpg,ABBOTTS BOOBY,train,PAPASULA ABBOTTI
1.0,train/ABBOTTS BOOBY/028.jpg,ABBOTTS BOOBY,train,PAPASULA ABBOTTI
1.0,train/ABBOTTS BOOBY/029.jpg,ABBOTTS BOOBY,train,PAPASULA ABBOTTI
1.0,train/ABBOTTS BOOBY/030.jpg,ABBOTTS BOOBY,train,PAPASULA ABBOTTI
1.0,train/ABBOTTS BOOBY/031.jpg,ABBOTTS BOOBY,train,PAPASULA ABBOTTI
1.0,train/ABBOTTS BOOBY/032.jpg,ABBOTTS BOOBY,train,PAPASULA ABBOTTI
1.0,train/ABBOTTS BOOBY/033.jpg,ABBOTTS BOOBY,train,PAPASULA ABBOTTI
1.0,train/ABBOTTS BOOBY/034.jpg,ABBOTTS BOOBY,train,PAPASULA ABBOTTI
1.0,train/ABBOTTS BOOBY/035.jpg,ABBOTTS BOOBY,train,PAPASULA ABBOTTI
1.0,train/ABBOTTS BOOBY/036.jpg,ABBOTTS BOOBY,train,PAPASULA ABBOTTI
1.0,train/ABBOTTS BOOBY/037.jpg,ABBOTTS BOOBY,train,PAPASULA ABBOTTI
1.0,train/ABBOTTS BOOBY/038.jpg,ABBOTTS BOOBY,train,PAPASULA ABBOTTI
1.0,train/ABBOTTS BOOBY/039.jpg,ABBOTTS BOOBY,train,PAPASULA ABBOTTI
1.0,train/ABBOTTS BOOBY/040.jpg,ABBOTTS BOOBY,train,PAPASULA ABBOTTI
1.0,train/ABBOTTS BOOBY/041.jpg,ABBOTTS BOOBY,train,PAPASULA ABBOTTI
1.0,train/ABBOTTS BOOBY/042.jpg,ABBOTTS BOOBY,train,PAPASULA ABBOTTI
1.0,train/ABBOTTS BOOBY/043.jpg,ABBOTTS BOOBY,train,PAPASULA ABBOTTI
1.0,train/ABBOTTS BOOBY/044.jpg,ABBOTTS BOOBY,train,PAPASULA ABBOTTI
1.0,train/ABBOTTS BOOBY/068.jpg,ABBOTTS BOOBY,train,PAPASULA ABBOTTI
1.0,train/ABBOTTS BOOBY/046.jpg,ABBOTTS BOOBY,train,PAPASULA ABBOTTI
1.0,train/ABBOTTS BOOBY/005.jpg,ABBOTTS BOOBY,train,PAPASULA ABBOTTI
1.0,train/ABBOTTS BOOBY/048.jpg,ABBOTTS BOOBY,train,PAPASULA ABBOTTI
1.0,train/ABBOTTS BOOBY/049.jpg,ABBOTTS BOOBY,train,PAPASULA ABBOTTI
1.0,train/ABBOTTS BOOBY/050.jpg,ABBOTTS BOOBY,train,PAPASULA ABBOTTI
1.0,train/ABBOTTS BOOBY/051.jpg,ABBOTTS BOOBY,train,PAPASULA ABBOTTI
1.0,train/ABBOTTS BOOBY/052.jpg,ABBOTTS BOOBY,train,PAPASULA ABBOTTI
1.0,train/ABBOTTS BOOBY/067.jpg,ABBOTTS BOOBY,train,PAPASULA ABBOTTI
1.0,train/ABBOTTS BOOBY/001.jpg,ABBOTTS BOOBY,train,PAPASULA ABBOTTI
1.0,train/ABBOTTS BOOBY/006.jpg,ABBOTTS BOOBY,train,PAPASULA ABBOTTI
1.0,train/ABBOTTS BOOBY/002.jpg,ABBOTTS BOOBY,train,PAPASULA ABBOTTI
1.0,train/ABBOTTS BOOBY/063.jpg,ABBOTTS BOOBY,train,PAPASULA ABBOTTI
1.0,train/ABBOTTS BOOBY/057.jpg,ABBOTTS BOOBY,train,PAPASULA ABBOTTI
1.0,train/ABBOTTS BOOBY/058.jpg,ABBOTTS BOOBY,train,PAPASULA ABBOTTI
1.0,train/ABBOTTS BOOBY/059.jpg,ABBOTTS BOOBY,train,PAPASULA ABBOTTI
1.0,train/ABBOTTS BOOBY/060.jpg,ABBOTTS BOOBY,train,PAPASULA ABBOTTI
1.0,train/ABBOTTS BOOBY/088.jpg,ABBOTTS BOOBY,train,PAPASULA ABBOTTI
1.0,train/ABBOTTS BOOBY/061.jpg,ABBOTTS BOOBY,train,PAPASULA ABBOTTI
1.0,train/ABBOTTS BOOBY/045.jpg,ABBOTTS BOOBY,train,PAPASULA ABBOTTI
1.0,train/ABBOTTS BOOBY/062.jpg,ABBOTTS BOOBY,train,PAPASULA ABBOTTI
1.0,train/ABBOTTS BOOBY/066.jpg,ABBOTTS BOOBY,train,PAPASULA ABBOTTI
1.0,train/ABBOTTS BOOBY/003.jpg,ABBOTTS BOOBY,train,PAPASULA ABBOTTI
1.0,train/ABBOTTS BOOBY/065.jpg,ABBOTTS BOOBY,train,PAPASULA ABBOTTI
1.0,train/ABBOTTS BOOBY/069.jpg,ABBOTTS BOOBY,train,PAPASULA ABBOTTI
1.0,train/ABBOTTS BOOBY/070.jpg,ABBOTTS BOOBY,train,PAPASULA ABBOTTI
1.0,train/ABBOTTS BOOBY/071.jpg,ABBOTTS BOOBY,train,PAPASULA ABBOTTI
1.0,train/ABBOTTS BOOBY/072.jpg,ABBOTTS BOOBY,train,PAPASULA ABBOTTI
1.0,train/ABBOTTS BOOBY/073.jpg,ABBOTTS BOOBY,train,PAPASULA ABBOTTI
1.0,train/ABBOTTS BOOBY/074.jpg,ABBOTTS BOOBY,train,PAPASULA ABBOTTI
1.0,train/ABBOTTS BOOBY/075.jpg,ABBOTTS BOOBY,train,PAPASULA ABBOTTI
1.0,train/ABBOTTS BOOBY/076.jpg,ABBOTTS BOOBY,train,PAPASULA ABBOTTI
1.0,train/ABBOTTS BOOBY/077.jpg,ABBOTTS BOOBY,train,PAPASULA ABBOTTI
1.0,train/ABBOTTS BOOBY/078.jpg,ABBOTTS BOOBY,train,PAPASULA ABBOTTI
1.0,train/ABBOTTS BOOBY/079.jpg,ABBOTTS BOOBY,train,PAPASULA ABBOTTI
1.0,train/ABBOTTS BOOBY/080.jpg,ABBOTTS BOOBY,train,PAPASULA ABBOTTI
1.0,train/ABBOTTS BOOBY/081.jpg,ABBOTTS BOOBY,train,PAPASULA ABBOTTI
1.0,train/ABBOTTS BOOBY/082.jpg,ABBOTTS BOOBY,train,PAPASULA ABBOTTI
1.0,train/ABBOTTS BOOBY/083.jpg,ABBOTTS BOOBY,train,PAPASULA ABBOTTI
1.0,train/ABBOTTS BOOBY/084.jpg,ABBOTTS BOOBY,train,PAPASULA ABBOTTI
1.0,train/ABBOTTS BOOBY/085.jpg,ABBOTTS BOOBY,train,PAPASULA ABBOTTI
1.0,train/ABBOTTS BOOBY/086.jpg,ABBOTTS BOOBY,train,PAPASULA ABBOTTI
1.0,train/ABBOTTS BOOBY/087.jpg,ABBOTTS BOOBY,train,PAPASULA ABBOTTI
1.0,train/ABBOTTS BOOBY/089.jpg,ABBOTTS BOOBY,train,PAPASULA ABBOTTI
1.0,train/ABBOTTS BOOBY/064.jpg,ABBOTTS BOOBY,train,PAPASULA ABBOTTI
1.0,train/ABBOTTS BOOBY/047.jpg,ABBOTTS BOOBY,train,PAPASULA ABBOTTI
1.0,train/ABBOTTS BOOBY/162.jpg,ABBOTTS BOOBY,train,PAPASULA ABBOTTI
1.0,train/ABBOTTS BOOBY/178.jpg,ABBOTTS BOOBY,train,PAPASULA ABBOTTI
1.0,train/ABBOTTS BOOBY/093.jpg,ABBOTTS BOOBY,train,PAPASULA ABBOTTI
1.0,train/ABBOTTS BOOBY/135.jpg,ABBOTTS BOOBY,train,PAPASULA ABBOTTI
1.0,train/ABBOTTS BOOBY/094.jpg,ABBOTTS BOOBY,train,PAPASULA ABBOTTI
1.0,train/ABBOTTS BOOBY/096.jpg,ABBOTTS BOOBY,train,PAPASULA ABBOTTI
1.0,train/ABBOTTS BOOBY/097.jpg,ABBOTTS BOOBY,train,PAPASULA ABBOTTI
1.0,train/ABBOTTS BOOBY/098.jpg,ABBOTTS BOOBY,train,PAPASULA ABBOTTI
1.0,train/ABBOTTS BOOBY/099.jpg,ABBOTTS BOOBY,train,PAPASULA ABBOTTI
1.0,train/ABBOTTS BOOBY/100.jpg,ABBOTTS BOOBY,train,PAPASULA ABBOTTI
1.0,train/ABBOTTS BOOBY/101.jpg,ABBOTTS BOOBY,train,PAPASULA ABBOTTI
1.0,train/ABBOTTS BOOBY/102.jpg,ABBOTTS BOOBY,train,PAPASULA ABBOTTI
1.0,train/ABBOTTS BOOBY/103.jpg,ABBOTTS BOOBY,train,PAPASULA ABBOTTI
1.0,train/ABBOTTS BOOBY/104.jpg,ABBOTTS BOOBY,train,PAPASULA ABBOTTI
1.0,train/ABBOTTS BOOBY/105.jpg,ABBOTTS BOOBY,train,PAPASULA ABBOTTI
1.0,train/ABBOTTS BOOBY/106.jpg,ABBOTTS BOOBY,train,PAPASULA ABBOTTI
1.0,train/ABBOTTS BOOBY/107.jpg,ABBOTTS BOOBY,train,PAPASULA ABBOTTI
1.0,train/ABBOTTS BOOBY/108.jpg,ABBOTTS BOOBY,train,PAPASULA ABBOTTI
1.0,train/ABBOTTS BOOBY/109.jpg,ABBOTTS BOOBY,train,PAPASULA ABBOTTI
1.0,train/ABBOTTS BOOBY/110.jpg,ABBOTTS BOOBY,train,PAPASULA ABBOTTI
1.0,train/ABBOTTS BOOBY/111.jpg,ABBOTTS BOOBY,train,PAPASULA ABBOTTI
1.0,train/ABBOTTS BOOBY/112.jpg,ABBOTTS BOOBY,train,PAPASULA ABBOTTI
1.0,train/ABBOTTS BOOBY/113.jpg,ABBOTTS BOOBY,train,PAPASULA ABBOTTI
1.0,train/ABBOTTS BOOBY/095.jpg,ABBOTTS BOOBY,train,PAPASULA ABBOTTI
1.0,train/ABBOTTS BOOBY/134.jpg,ABBOTTS BOOBY,train,PAPASULA ABBOTTI
1.0,train/ABBOTTS BOOBY/171.jpg,ABBOTTS BOOBY,train,PAPASULA ABBOTTI
1.0,train/ABBOTTS BOOBY/116.jpg,ABBOTTS BOOBY,train,PAPASULA ABBOTTI
1.0,train/ABBOTTS BOOBY/168.jpg,ABBOTTS BOOBY,train,PAPASULA ABBOTTI
1.0,train/ABBOTTS BOOBY/124.jpg,ABBOTTS BOOBY,train,PAPASULA ABBOTTI
1.0,train/ABBOTTS BOOBY/091.jpg,ABBOTTS BOOBY,train,PAPASULA ABBOTTI
1.0,train/ABBOTTS BOOBY/123.jpg,ABBOTTS BOOBY,train,PAPASULA ABBOTTI
1.0,train/ABBOTTS BOOBY/169.jpg,ABBOTTS BOOBY,train,PAPASULA ABBOTTI
1.0,train/ABBOTTS BOOBY/170.jpg,ABBOTTS BOOBY,train,PAPASULA ABBOTTI
1.0,train/ABBOTTS BOOBY/125.jpg,ABBOTTS BOOBY,train,PAPASULA ABBOTTI
1.0,train/ABBOTTS BOOBY/115.jpg,ABBOTTS BOOBY,train,PAPASULA ABBOTTI
1.0,train/ABBOTTS BOOBY/128.jpg,ABBOTTS BOOBY,train,PAPASULA ABBOTTI
1.0,train/ABBOTTS BOOBY/129.jpg,ABBOTTS BOOBY,train,PAPASULA ABBOTTI
1.0,train/ABBOTTS BOOBY/130.jpg,ABBOTTS BOOBY,train,PAPASULA ABBOTTI
1.0,train/ABBOTTS BOOBY/131.jpg,ABBOTTS BOOBY,train,PAPASULA ABBOTTI
1.0,train/ABBOTTS BOOBY/132.jpg,ABBOTTS BOOBY,train,PAPASULA ABBOTTI
1.0,train/ABBOTTS BOOBY/126.jpg,ABBOTTS BOOBY,train,PAPASULA ABBOTTI
1.0,train/ABBOTTS BOOBY/127.jpg,ABBOTTS BOOBY,train,PAPASULA ABBOTTI
1.0,train/ABBOTTS BOOBY/119.jpg,ABBOTTS BOOBY,train,PAPASULA ABBOTTI
1.0,train/ABBOTTS BOOBY/133.jpg,ABBOTTS BOOBY,train,PAPASULA ABBOTTI
1.0,train/ABBOTTS BOOBY/114.jpg,ABBOTTS BOOBY,train,PAPASULA ABBOTTI
1.0,train/ABBOTTS BOOBY/136.jpg,ABBOTTS BOOBY,train,PAPASULA ABBOTTI
1.0,train/ABBOTTS BOOBY/122.jpg,ABBOTTS BOOBY,train,PAPASULA ABBOTTI
1.0,train/ABBOTTS BOOBY/138.jpg,ABBOTTS BOOBY,train,PAPASULA ABBOTTI
1.0,train/ABBOTTS BOOBY/139.jpg,ABBOTTS BOOBY,train,PAPASULA ABBOTTI
1.0,train/ABBOTTS BOOBY/140.jpg,ABBOTTS BOOBY,train,PAPASULA ABBOTTI
1.0,train/ABBOTTS BOOBY/141.jpg,ABBOTTS BOOBY,train,PAPASULA ABBOTTI
1.0,train/ABBOTTS BOOBY/142.jpg,ABBOTTS BOOBY,train,PAPASULA ABBOTTI
1.0,train/ABBOTTS BOOBY/143.jpg,ABBOTTS BOOBY,train,PAPASULA ABBOTTI
1.0,train/ABBOTTS BOOBY/144.jpg,ABBOTTS BOOBY,train,PAPASULA ABBOTTI
1.0,train/ABBOTTS BOOBY/145.jpg,ABBOTTS BOOBY,train,PAPASULA ABBOTTI
1.0,train/ABBOTTS BOOBY/146.jpg,ABBOTTS BOOBY,train,PAPASULA ABBOTTI
1.0,train/ABBOTTS BOOBY/147.jpg,ABBOTTS BOOBY,train,PAPASULA ABBOTTI
1.0,train/ABBOTTS BOOBY/148.jpg,ABBOTTS BOOBY,train,PAPASULA ABBOTTI
1.0,train/ABBOTTS BOOBY/149.jpg,ABBOTTS BOOBY,train,PAPASULA ABBOTTI
1.0,train/ABBOTTS BOOBY/150.jpg,ABBOTTS BOOBY,train,PAPASULA ABBOTTI
1.0,train/ABBOTTS BOOBY/151.jpg,ABBOTTS BOOBY,train,PAPASULA ABBOTTI
1.0,train/ABBOTTS BOOBY/152.jpg,ABBOTTS BOOBY,train,PAPASULA ABBOTTI
1.0,train/ABBOTTS BOOBY/153.jpg,ABBOTTS BOOBY,train,PAPASULA ABBOTTI
1.0,train/ABBOTTS BOOBY/154.jpg,ABBOTTS BOOBY,train,PAPASULA ABBOTTI
1.0,train/ABBOTTS BOOBY/155.jpg,ABBOTTS BOOBY,train,PAPASULA ABBOTTI
1.0,train/ABBOTTS BOOBY/156.jpg,ABBOTTS BOOBY,train,PAPASULA ABBOTTI
1.0,train/ABBOTTS BOOBY/159.jpg,ABBOTTS BOOBY,train,PAPASULA ABBOTTI
1.0,train/ABBOTTS BOOBY/158.jpg,ABBOTTS BOOBY,train,PAPASULA ABBOTTI
1.0,train/ABBOTTS BOOBY/180.jpg,ABBOTTS BOOBY,train,PAPASULA ABBOTTI
1.0,train/ABBOTTS BOOBY/092.jpg,ABBOTTS BOOBY,train,PAPASULA ABBOTTI
1.0,train/ABBOTTS BOOBY/161.jpg,ABBOTTS BOOBY,train,PAPASULA ABBOTTI
1.0,train/ABBOTTS BOOBY/118.jpg,ABBOTTS BOOBY,train,PAPASULA ABBOTTI
1.0,train/ABBOTTS BOOBY/163.jpg,ABBOTTS BOOBY,train,PAPASULA ABBOTTI
1.0,train/ABBOTTS BOOBY/164.jpg,ABBOTTS BOOBY,train,PAPASULA ABBOTTI
1.0,train/ABBOTTS BOOBY/165.jpg,ABBOTTS BOOBY,train,PAPASULA ABBOTTI
1.0,train/ABBOTTS BOOBY/166.jpg,ABBOTTS BOOBY,train,PAPASULA ABBOTTI
1.0,train/ABBOTTS BOOBY/167.jpg,ABBOTTS BOOBY,train,PAPASULA ABBOTTI
1.0,train/ABBOTTS BOOBY/137.jpg,ABBOTTS BOOBY,train,PAPASULA ABBOTTI
1.0,train/ABBOTTS BOOBY/121.jpg,ABBOTTS BOOBY,train,PAPASULA ABBOTTI
1.0,train/ABBOTTS BOOBY/117.jpg,ABBOTTS BOOBY,train,PAPASULA ABBOTTI
1.0,train/ABBOTTS BOOBY/120.jpg,ABBOTTS BOOBY,train,PAPASULA ABBOTTI
1.0,train/ABBOTTS BOOBY/179.jpg,ABBOTTS BOOBY,train,PAPASULA ABBOTTI
1.0,train/ABBOTTS BOOBY/172.jpg,ABBOTTS BOOBY,train,PAPASULA ABBOTTI
1.0,train/ABBOTTS BOOBY/173.jpg,ABBOTTS BOOBY,train,PAPASULA ABBOTTI
1.0,train/ABBOTTS BOOBY/174.jpg,ABBOTTS BOOBY,train,PAPASULA ABBOTTI
1.0,train/ABBOTTS BOOBY/160.jpg,ABBOTTS BOOBY,train,PAPASULA ABBOTTI
1.0,train/ABBOTTS BOOBY/175.jpg,ABBOTTS BOOBY,train,PAPASULA ABBOTTI
1.0,train/ABBOTTS BOOBY/157.jpg,ABBOTTS BOOBY,train,PAPASULA ABBOTTI
1.0,train/ABBOTTS BOOBY/177.jpg,ABBOTTS BOOBY,train,PAPASULA ABBOTTI
1.0,train/ABBOTTS BOOBY/176.jpg,ABBOTTS BOOBY,train,PAPASULA ABBOTTI
2.0,train/ABYSSINIAN GROUND HORNBILL/006.jpg,ABYSSINIAN GROUND HORNBILL,train,BUCORVUS ABYSSINICUS
2.0,train/ABYSSINIAN GROUND HORNBILL/010.jpg,ABYSSINIAN GROUND HORNBILL,train,BUCORVUS ABYSSINICUS
2.0,train/ABYSSINIAN GROUND HORNBILL/019.jpg,ABYSSINIAN GROUND HORNBILL,train,BUCORVUS ABYSSINICUS
2.0,train/ABYSSINIAN GROUND HORNBILL/004.jpg,ABYSSINIAN GROUND HORNBILL,train,BUCORVUS ABYSSINICUS
2.0,train/ABYSSINIAN GROUND HORNBILL/009.jpg,ABYSSINIAN GROUND HORNBILL,train,BUCORVUS ABYSSINICUS
2.0,train/ABYSSINIAN GROUND HORNBILL/011.jpg,ABYSSINIAN GROUND HORNBILL,train,BUCORVUS ABYSSINICUS
2.0,train/ABYSSINIAN GROUND HORNBILL/008.jpg,ABYSSINIAN GROUND HORNBILL,train,BUCORVUS ABYSSINICUS
2.0,train/ABYSSINIAN GROUND HORNBILL/013.jpg,ABYSSINIAN GROUND HORNBILL,train,BUCORVUS ABYSSINICUS
2.0,train/ABYSSINIAN GROUND HORNBILL/015.jpg,ABYSSINIAN GROUND HORNBILL,train,BUCORVUS ABYSSINICUS
2.0,train/ABYSSINIAN GROUND HORNBILL/001.jpg,ABYSSINIAN GROUND HORNBILL,train,BUCORVUS ABYSSINICUS
2.0,train/ABYSSINIAN GROUND HORNBILL/007.jpg,ABYSSINIAN GROUND HORNBILL,train,BUCORVUS ABYSSINICUS
2.0,train/ABYSSINIAN GROUND HORNBILL/012.jpg,ABYSSINIAN GROUND HORNBILL,train,BUCORVUS ABYSSINICUS
2.0,train/ABYSSINIAN GROUND HORNBILL/005.jpg,ABYSSINIAN GROUND HORNBILL,train,BUCORVUS ABYSSINICUS
2.0,train/ABYSSINIAN GROUND HORNBILL/014.jpg,ABYSSINIAN GROUND HORNBILL,train,BUCORVUS ABYSSINICUS
2.0,train/ABYSSINIAN GROUND HORNBILL/003.jpg,ABYSSINIAN GROUND HORNBILL,train,BUCORVUS ABYSSINICUS
2.0,train/ABYSSINIAN GROUND HORNBILL/016.jpg,ABYSSINIAN GROUND HORNBILL,train,BUCORVUS ABYSSINICUS
2.0,train/ABYSSINIAN GROUND HORNBILL/002.jpg,ABYSSINIAN GROUND HORNBILL,train,BUCORVUS ABYSSINICUS
2.0,train/ABYSSINIAN GROUND HORNBILL/018.jpg,ABYSSINIAN GROUND HORNBILL,train,BUCORVUS ABYSSINICUS
2.0,train/ABYSSINIAN GROUND HORNBILL/017.jpg,ABYSSINIAN GROUND HORNBILL,train,BUCORVUS ABYSSINICUS
2.0,train/ABYSSINIAN GROUND HORNBILL/150.jpg,ABYSSINIAN GROUND HORNBILL,train,BUCORVUS ABYSSINICUS
2.0,train/ABYSSINIAN GROUND HORNBILL/038.jpg,ABYSSINIAN GROUND HORNBILL,train,BUCORVUS ABYSSINICUS
2.0,train/ABYSSINIAN GROUND HORNBILL/021.jpg,ABYSSINIAN GROUND HORNBILL,train,BUCORVUS ABYSSINICUS
2.0,train/ABYSSINIAN GROUND HORNBILL/033.jpg,ABYSSINIAN GROUND HORNBILL,train,BUCORVUS ABYSSINICUS
2.0,train/ABYSSINIAN GROUND HORNBILL/087.jpg,ABYSSINIAN GROUND HORNBILL,train,BUCORVUS ABYSSINICUS
2.0,train/ABYSSINIAN GROUND HORNBILL/026.jpg,ABYSSINIAN GROUND HORNBILL,train,BUCORVUS ABYSSINICUS
2.0,train/ABYSSINIAN GROUND HORNBILL/035.jpg,ABYSSINIAN GROUND HORNBILL,train,BUCORVUS ABYSSINICUS
2.0,train/ABYSSINIAN GROUND HORNBILL/028.jpg,ABYSSINIAN GROUND HORNBILL,train,BUCORVUS ABYSSINICUS
2.0,train/ABYSSINIAN GROUND HORNBILL/037.jpg,ABYSSINIAN GROUND HORNBILL,train,BUCORVUS ABYSSINICUS
2.0,train/ABYSSINIAN GROUND HORNBILL/030.jpg,ABYSSINIAN GROUND HORNBILL,train,BUCORVUS ABYSSINICUS
2.0,train/ABYSSINIAN GROUND HORNBILL/040.jpg,ABYSSINIAN GROUND HORNBILL,train,BUCORVUS ABYSSINICUS
2.0,train/ABYSSINIAN GROUND HORNBILL/032.jpg,ABYSSINIAN GROUND HORNBILL,train,BUCORVUS ABYSSINICUS
2.0,train/ABYSSINIAN GROUND HORNBILL/034.jpg,ABYSSINIAN GROUND HORNBILL,train,BUCORVUS ABYSSINICUS
2.0,train/ABYSSINIAN GROUND HORNBILL/036.jpg,ABYSSINIAN GROUND HORNBILL,train,BUCORVUS ABYSSINICUS
2.0,train/ABYSSINIAN GROUND HORNBILL/090.jpg,ABYSSINIAN GROUND HORNBILL,train,BUCORVUS ABYSSINICUS
2.0,train/ABYSSINIAN GROUND HORNBILL/039.jpg,ABYSSINIAN GROUND HORNBILL,train,BUCORVUS ABYSSINICUS
2.0,train/ABYSSINIAN GROUND HORNBILL/134.jpg,ABYSSINIAN GROUND HORNBILL,train,BUCORVUS ABYSSINICUS
2.0,train/ABYSSINIAN GROUND HORNBILL/042.jpg,ABYSSINIAN GROUND HORNBILL,train,BUCORVUS ABYSSINICUS
2.0,train/ABYSSINIAN GROUND HORNBILL/041.jpg,ABYSSINIAN GROUND HORNBILL,train,BUCORVUS ABYSSINICUS
2.0,train/ABYSSINIAN GROUND HORNBILL/157.jpg,ABYSSINIAN GROUND HORNBILL,train,BUCORVUS ABYSSINICUS
2.0,train/ABYSSINIAN GROUND HORNBILL/020.jpg,ABYSSINIAN GROUND HORNBILL,train,BUCORVUS ABYSSINICUS
2.0,train/ABYSSINIAN GROUND HORNBILL/022.jpg,ABYSSINIAN GROUND HORNBILL,train,BUCORVUS ABYSSINICUS
2.0,train/ABYSSINIAN GROUND HORNBILL/158.jpg,ABYSSINIAN GROUND HORNBILL,train,BUCORVUS ABYSSINICUS
2.0,train/ABYSSINIAN GROUND HORNBILL/043.jpg,ABYSSINIAN GROUND HORNBILL,train,BUCORVUS ABYSSINICUS
2.0,train/ABYSSINIAN GROUND HORNBILL/069.jpg,ABYSSINIAN GROUND HORNBILL,train,BUCORVUS ABYSSINICUS
2.0,train/ABYSSINIAN GROUND HORNBILL/078.jpg,ABYSSINIAN GROUND HORNBILL,train,BUCORVUS ABYSSINICUS
2.0,train/ABYSSINIAN GROUND HORNBILL/059.jpg,ABYSSINIAN GROUND HORNBILL,train,BUCORVUS ABYSSINICUS
2.0,train/ABYSSINIAN GROUND HORNBILL/055.jpg,ABYSSINIAN GROUND HORNBILL,train,BUCORVUS ABYSSINICUS
2.0,train/ABYSSINIAN GROUND HORNBILL/062.jpg,ABYSSINIAN GROUND HORNBILL,train,BUCORVUS ABYSSINICUS
2.0,train/ABYSSINIAN GROUND HORNBILL/058.jpg,ABYSSINIAN GROUND HORNBILL,train,BUCORVUS ABYSSINICUS
2.0,train/ABYSSINIAN GROUND HORNBILL/057.jpg,ABYSSINIAN GROUND HORNBILL,train,BUCORVUS ABYSSINICUS
2.0,train/ABYSSINIAN GROUND HORNBILL/061.jpg,ABYSSINIAN GROUND HORNBILL,train,BUCORVUS ABYSSINICUS
2.0,train/ABYSSINIAN GROUND HORNBILL/025.jpg,ABYSSINIAN GROUND HORNBILL,train,BUCORVUS ABYSSINICUS
2.0,train/ABYSSINIAN GROUND HORNBILL/060.jpg,ABYSSINIAN GROUND HORNBILL,train,BUCORVUS ABYSSINICUS
2.0,train/ABYSSINIAN GROUND HORNBILL/064.jpg,ABYSSINIAN GROUND HORNBILL,train,BUCORVUS ABYSSINICUS
2.0,train/ABYSSINIAN GROUND HORNBILL/027.jpg,ABYSSINIAN GROUND HORNBILL,train,BUCORVUS ABYSSINICUS
2.0,train/ABYSSINIAN GROUND HORNBILL/063.jpg,ABYSSINIAN GROUND HORNBILL,train,BUCORVUS ABYSSINICUS
2.0,train/ABYSSINIAN GROUND HORNBILL/047.jpg,ABYSSINIAN GROUND HORNBILL,train,BUCORVUS ABYSSINICUS
2.0,train/ABYSSINIAN GROUND HORNBILL/029.jpg,ABYSSINIAN GROUND HORNBILL,train,BUCORVUS ABYSSINICUS
2.0,train/ABYSSINIAN GROUND HORNBILL/065.jpg,ABYSSINIAN GROUND HORNBILL,train,BUCORVUS ABYSSINICUS
2.0,train/ABYSSINIAN GROUND HORNBILL/049.jpg,ABYSSINIAN GROUND HORNBILL,train,BUCORVUS ABYSSINICUS
2.0,train/ABYSSINIAN GROUND HORNBILL/031.jpg,ABYSSINIAN GROUND HORNBILL,train,BUCORVUS ABYSSINICUS
2.0,train/ABYSSINIAN GROUND HORNBILL/067.jpg,ABYSSINIAN GROUND HORNBILL,train,BUCORVUS ABYSSINICUS
2.0,train/ABYSSINIAN GROUND HORNBILL/051.jpg,ABYSSINIAN GROUND HORNBILL,train,BUCORVUS ABYSSINICUS
2.0,train/ABYSSINIAN GROUND HORNBILL/023.jpg,ABYSSINIAN GROUND HORNBILL,train,BUCORVUS ABYSSINICUS
2.0,train/ABYSSINIAN GROUND HORNBILL/054.jpg,ABYSSINIAN GROUND HORNBILL,train,BUCORVUS ABYSSINICUS
2.0,train/ABYSSINIAN GROUND HORNBILL/056.jpg,ABYSSINIAN GROUND HORNBILL,train,BUCORVUS ABYSSINICUS
2.0,train/ABYSSINIAN GROUND HORNBILL/052.jpg,ABYSSINIAN GROUND HORNBILL,train,BUCORVUS ABYSSINICUS
2.0,train/ABYSSINIAN GROUND HORNBILL/071.jpg,ABYSSINIAN GROUND HORNBILL,train,BUCORVUS ABYSSINICUS
2.0,train/ABYSSINIAN GROUND HORNBILL/079.jpg,ABYSSINIAN GROUND HORNBILL,train,BUCORVUS ABYSSINICUS
2.0,train/ABYSSINIAN GROUND HORNBILL/080.jpg,ABYSSINIAN GROUND HORNBILL,train,BUCORVUS ABYSSINICUS
2.0,train/ABYSSINIAN GROUND HORNBILL/082.jpg,ABYSSINIAN GROUND HORNBILL,train,BUCORVUS ABYSSINICUS
2.0,train/ABYSSINIAN GROUND HORNBILL/083.jpg,ABYSSINIAN GROUND HORNBILL,train,BUCORVUS ABYSSINICUS
2.0,train/ABYSSINIAN GROUND HORNBILL/085.jpg,ABYSSINIAN GROUND HORNBILL,train,BUCORVUS ABYSSINICUS
2.0,train/ABYSSINIAN GROUND HORNBILL/086.jpg,ABYSSINIAN GROUND HORNBILL,train,BUCORVUS ABYSSINICUS
2.0,train/ABYSSINIAN GROUND HORNBILL/088.jpg,ABYSSINIAN GROUND HORNBILL,train,BUCORVUS ABYSSINICUS
2.0,train/ABYSSINIAN GROUND HORNBILL/045.jpg,ABYSSINIAN GROUND HORNBILL,train,BUCORVUS ABYSSINICUS
2.0,train/ABYSSINIAN GROUND HORNBILL/066.jpg,ABYSSINIAN GROUND HORNBILL,train,BUCORVUS ABYSSINICUS
2.0,train/ABYSSINIAN GROUND HORNBILL/070.jpg,ABYSSINIAN GROUND HORNBILL,train,BUCORVUS ABYSSINICUS
2.0,train/ABYSSINIAN GROUND HORNBILL/046.jpg,ABYSSINIAN GROUND HORNBILL,train,BUCORVUS ABYSSINICUS
2.0,train/ABYSSINIAN GROUND HORNBILL/072.jpg,ABYSSINIAN GROUND HORNBILL,train,BUCORVUS ABYSSINICUS
2.0,train/ABYSSINIAN GROUND HORNBILL/073.jpg,ABYSSINIAN GROUND HORNBILL,train,BUCORVUS ABYSSINICUS
2.0,train/ABYSSINIAN GROUND HORNBILL/048.jpg,ABYSSINIAN GROUND HORNBILL,train,BUCORVUS ABYSSINICUS
2.0,train/ABYSSINIAN GROUND HORNBILL/074.jpg,ABYSSINIAN GROUND HORNBILL,train,BUCORVUS ABYSSINICUS
2.0,train/ABYSSINIAN GROUND HORNBILL/075.jpg,ABYSSINIAN GROUND HORNBILL,train,BUCORVUS ABYSSINICUS
2.0,train/ABYSSINIAN GROUND HORNBILL/050.jpg,ABYSSINIAN GROUND HORNBILL,train,BUCORVUS ABYSSINICUS
2.0,train/ABYSSINIAN GROUND HORNBILL/076.jpg,ABYSSINIAN GROUND HORNBILL,train,BUCORVUS ABYSSINICUS
2.0,train/ABYSSINIAN GROUND HORNBILL/077.jpg,ABYSSINIAN GROUND HORNBILL,train,BUCORVUS ABYSSINICUS
2.0,train/ABYSSINIAN GROUND HORNBILL/053.jpg,ABYSSINIAN GROUND HORNBILL,train,BUCORVUS ABYSSINICUS
2.0,train/ABYSSINIAN GROUND HORNBILL/089.jpg,ABYSSINIAN GROUND HORNBILL,train,BUCORVUS ABYSSINICUS
2.0,train/ABYSSINIAN GROUND HORNBILL/153.jpg,ABYSSINIAN GROUND HORNBILL,train,BUCORVUS ABYSSINICUS
2.0,train/ABYSSINIAN GROUND HORNBILL/091.jpg,ABYSSINIAN GROUND HORNBILL,train,BUCORVUS ABYSSINICUS
2.0,train/ABYSSINIAN GROUND HORNBILL/093.jpg,ABYSSINIAN GROUND HORNBILL,train,BUCORVUS ABYSSINICUS
2.0,train/ABYSSINIAN GROUND HORNBILL/102.jpg,ABYSSINIAN GROUND HORNBILL,train,BUCORVUS ABYSSINICUS
2.0,train/ABYSSINIAN GROUND HORNBILL/095.jpg,ABYSSINIAN GROUND HORNBILL,train,BUCORVUS ABYSSINICUS
2.0,train/ABYSSINIAN GROUND HORNBILL/104.jpg,ABYSSINIAN GROUND HORNBILL,train,BUCORVUS ABYSSINICUS
2.0,train/ABYSSINIAN GROUND HORNBILL/097.jpg,ABYSSINIAN GROUND HORNBILL,train,BUCORVUS ABYSSINICUS
2.0,train/ABYSSINIAN GROUND HORNBILL/107.jpg,ABYSSINIAN GROUND HORNBILL,train,BUCORVUS ABYSSINICUS
2.0,train/ABYSSINIAN GROUND HORNBILL/099.jpg,ABYSSINIAN GROUND HORNBILL,train,BUCORVUS ABYSSINICUS
2.0,train/ABYSSINIAN GROUND HORNBILL/110.jpg,ABYSSINIAN GROUND HORNBILL,train,BUCORVUS ABYSSINICUS
2.0,train/ABYSSINIAN GROUND HORNBILL/101.jpg,ABYSSINIAN GROUND HORNBILL,train,BUCORVUS ABYSSINICUS
2.0,train/ABYSSINIAN GROUND HORNBILL/103.jpg,ABYSSINIAN GROUND HORNBILL,train,BUCORVUS ABYSSINICUS
2.0,train/ABYSSINIAN GROUND HORNBILL/106.jpg,ABYSSINIAN GROUND HORNBILL,train,BUCORVUS ABYSSINICUS
2.0,train/ABYSSINIAN GROUND HORNBILL/024.jpg,ABYSSINIAN GROUND HORNBILL,train,BUCORVUS ABYSSINICUS
2.0,train/ABYSSINIAN GROUND HORNBILL/109.jpg,ABYSSINIAN GROUND HORNBILL,train,BUCORVUS ABYSSINICUS
2.0,train/ABYSSINIAN GROUND HORNBILL/108.jpg,ABYSSINIAN GROUND HORNBILL,train,BUCORVUS ABYSSINICUS
2.0,train/ABYSSINIAN GROUND HORNBILL/044.jpg,ABYSSINIAN GROUND HORNBILL,train,BUCORVUS ABYSSINICUS
2.0,train/ABYSSINIAN GROUND HORNBILL/113.jpg,ABYSSINIAN GROUND HORNBILL,train,BUCORVUS ABYSSINICUS
2.0,train/ABYSSINIAN GROUND HORNBILL/111.jpg,ABYSSINIAN GROUND HORNBILL,train,BUCORVUS ABYSSINICUS
2.0,train/ABYSSINIAN GROUND HORNBILL/068.jpg,ABYSSINIAN GROUND HORNBILL,train,BUCORVUS ABYSSINICUS
2.0,train/ABYSSINIAN GROUND HORNBILL/114.jpg,ABYSSINIAN GROUND HORNBILL,train,BUCORVUS ABYSSINICUS
2.0,train/ABYSSINIAN GROUND HORNBILL/112.jpg,ABYSSINIAN GROUND HORNBILL,train,BUCORVUS ABYSSINICUS
2.0,train/ABYSSINIAN GROUND HORNBILL/105.jpg,ABYSSINIAN GROUND HORNBILL,train,BUCORVUS ABYSSINICUS
2.0,train/ABYSSINIAN GROUND HORNBILL/081.jpg,ABYSSINIAN GROUND HORNBILL,train,BUCORVUS ABYSSINICUS
2.0,train/ABYSSINIAN GROUND HORNBILL/084.jpg,ABYSSINIAN GROUND HORNBILL,train,BUCORVUS ABYSSINICUS
2.0,train/ABYSSINIAN GROUND HORNBILL/120.jpg,ABYSSINIAN GROUND HORNBILL,train,BUCORVUS ABYSSINICUS
2.0,train/ABYSSINIAN GROUND HORNBILL/124.jpg,ABYSSINIAN GROUND HORNBILL,train,BUCORVUS ABYSSINICUS
2.0,train/ABYSSINIAN GROUND HORNBILL/132.jpg,ABYSSINIAN GROUND HORNBILL,train,BUCORVUS ABYSSINICUS
2.0,train/ABYSSINIAN GROUND HORNBILL/118.jpg,ABYSSINIAN GROUND HORNBILL,train,BUCORVUS ABYSSINICUS
2.0,train/ABYSSINIAN GROUND HORNBILL/123.jpg,ABYSSINIAN GROUND HORNBILL,train,BUCORVUS ABYSSINICUS
2.0,train/ABYSSINIAN GROUND HORNBILL/125.jpg,ABYSSINIAN GROUND HORNBILL,train,BUCORVUS ABYSSINICUS
2.0,train/ABYSSINIAN GROUND HORNBILL/122.jpg,ABYSSINIAN GROUND HORNBILL,train,BUCORVUS ABYSSINICUS
2.0,train/ABYSSINIAN GROUND HORNBILL/126.jpg,ABYSSINIAN GROUND HORNBILL,train,BUCORVUS ABYSSINICUS
2.0,train/ABYSSINIAN GROUND HORNBILL/128.jpg,ABYSSINIAN GROUND HORNBILL,train,BUCORVUS ABYSSINICUS
2.0,train/ABYSSINIAN GROUND HORNBILL/115.jpg,ABYSSINIAN GROUND HORNBILL,train,BUCORVUS ABYSSINICUS
2.0,train/ABYSSINIAN GROUND HORNBILL/121.jpg,ABYSSINIAN GROUND HORNBILL,train,BUCORVUS ABYSSINICUS
2.0,train/ABYSSINIAN GROUND HORNBILL/119.jpg,ABYSSINIAN GROUND HORNBILL,train,BUCORVUS ABYSSINICUS
2.0,train/ABYSSINIAN GROUND HORNBILL/127.jpg,ABYSSINIAN GROUND HORNBILL,train,BUCORVUS ABYSSINICUS
2.0,train/ABYSSINIAN GROUND HORNBILL/117.jpg,ABYSSINIAN GROUND HORNBILL,train,BUCORVUS ABYSSINICUS
2.0,train/ABYSSINIAN GROUND HORNBILL/129.jpg,ABYSSINIAN GROUND HORNBILL,train,BUCORVUS ABYSSINICUS
2.0,train/ABYSSINIAN GROUND HORNBILL/116.jpg,ABYSSINIAN GROUND HORNBILL,train,BUCORVUS ABYSSINICUS
2.0,train/ABYSSINIAN GROUND HORNBILL/131.jpg,ABYSSINIAN GROUND HORNBILL,train,BUCORVUS ABYSSINICUS
2.0,train/ABYSSINIAN GROUND HORNBILL/130.jpg,ABYSSINIAN GROUND HORNBILL,train,BUCORVUS ABYSSINICUS
2.0,train/ABYSSINIAN GROUND HORNBILL/133.jpg,ABYSSINIAN GROUND HORNBILL,train,BUCORVUS ABYSSINICUS
2.0,train/ABYSSINIAN GROUND HORNBILL/156.jpg,ABYSSINIAN GROUND HORNBILL,train,BUCORVUS ABYSSINICUS
2.0,train/ABYSSINIAN GROUND HORNBILL/135.jpg,ABYSSINIAN GROUND HORNBILL,train,BUCORVUS ABYSSINICUS
2.0,train/ABYSSINIAN GROUND HORNBILL/172.jpg,ABYSSINIAN GROUND HORNBILL,train,BUCORVUS ABYSSINICUS
2.0,train/ABYSSINIAN GROUND HORNBILL/147.jpg,ABYSSINIAN GROUND HORNBILL,train,BUCORVUS ABYSSINICUS
2.0,train/ABYSSINIAN GROUND HORNBILL/148.jpg,ABYSSINIAN GROUND HORNBILL,train,BUCORVUS ABYSSINICUS
2.0,train/ABYSSINIAN GROUND HORNBILL/149.jpg,ABYSSINIAN GROUND HORNBILL,train,BUCORVUS ABYSSINICUS
2.0,train/ABYSSINIAN GROUND HORNBILL/151.jpg,ABYSSINIAN GROUND HORNBILL,train,BUCORVUS ABYSSINICUS
2.0,train/ABYSSINIAN GROUND HORNBILL/152.jpg,ABYSSINIAN GROUND HORNBILL,train,BUCORVUS ABYSSINICUS
2.0,train/ABYSSINIAN GROUND HORNBILL/154.jpg,ABYSSINIAN GROUND HORNBILL,train,BUCORVUS ABYSSINICUS
2.0,train/ABYSSINIAN GROUND HORNBILL/155.jpg,ABYSSINIAN GROUND HORNBILL,train,BUCORVUS ABYSSINICUS
2.0,train/ABYSSINIAN GROUND HORNBILL/159.jpg,ABYSSINIAN GROUND HORNBILL,train,BUCORVUS ABYSSINICUS
2.0,train/ABYSSINIAN GROUND HORNBILL/137.jpg,ABYSSINIAN GROUND HORNBILL,train,BUCORVUS ABYSSINICUS
2.0,train/ABYSSINIAN GROUND HORNBILL/136.jpg,ABYSSINIAN GROUND HORNBILL,train,BUCORVUS ABYSSINICUS
2.0,train/ABYSSINIAN GROUND HORNBILL/139.jpg,ABYSSINIAN GROUND HORNBILL,train,BUCORVUS ABYSSINICUS
2.0,train/ABYSSINIAN GROUND HORNBILL/162.jpg,ABYSSINIAN GROUND HORNBILL,train,BUCORVUS ABYSSINICUS
2.0,train/ABYSSINIAN GROUND HORNBILL/141.jpg,ABYSSINIAN GROUND HORNBILL,train,BUCORVUS ABYSSINICUS
2.0,train/ABYSSINIAN GROUND HORNBILL/142.jpg,ABYSSINIAN GROUND HORNBILL,train,BUCORVUS ABYSSINICUS
2.0,train/ABYSSINIAN GROUND HORNBILL/164.jpg,ABYSSINIAN GROUND HORNBILL,train,BUCORVUS ABYSSINICUS
2.0,train/ABYSSINIAN GROUND HORNBILL/143.jpg,ABYSSINIAN GROUND HORNBILL,train,BUCORVUS ABYSSINICUS
2.0,train/ABYSSINIAN GROUND HORNBILL/144.jpg,ABYSSINIAN GROUND HORNBILL,train,BUCORVUS ABYSSINICUS
2.0,train/ABYSSINIAN GROUND HORNBILL/166.jpg,ABYSSINIAN GROUND HORNBILL,train,BUCORVUS ABYSSINICUS
2.0,train/ABYSSINIAN GROUND HORNBILL/145.jpg,ABYSSINIAN GROUND HORNBILL,train,BUCORVUS ABYSSINICUS
2.0,train/ABYSSINIAN GROUND HORNBILL/146.jpg,ABYSSINIAN GROUND HORNBILL,train,BUCORVUS ABYSSINICUS
2.0,train/ABYSSINIAN GROUND HORNBILL/138.jpg,ABYSSINIAN GROUND HORNBILL,train,BUCORVUS ABYSSINICUS
2.0,train/ABYSSINIAN GROUND HORNBILL/140.jpg,ABYSSINIAN GROUND HORNBILL,train,BUCORVUS ABYSSINICUS
2.0,train/ABYSSINIAN GROUND HORNBILL/169.jpg,ABYSSINIAN GROUND HORNBILL,train,BUCORVUS ABYSSINICUS
2.0,train/ABYSSINIAN GROUND HORNBILL/168.jpg,ABYSSINIAN GROUND HORNBILL,train,BUCORVUS ABYSSINICUS
2.0,train/ABYSSINIAN GROUND HORNBILL/170.jpg,ABYSSINIAN GROUND HORNBILL,train,BUCORVUS ABYSSINICUS
2.0,train/ABYSSINIAN GROUND HORNBILL/175.jpg,ABYSSINIAN GROUND HORNBILL,train,BUCORVUS ABYSSINICUS
2.0,train/ABYSSINIAN GROUND HORNBILL/171.jpg,ABYSSINIAN GROUND HORNBILL,train,BUCORVUS ABYSSINICUS
2.0,train/ABYSSINIAN GROUND HORNBILL/178.jpg,ABYSSINIAN GROUND HORNBILL,train,BUCORVUS ABYSSINICUS
2.0,train/ABYSSINIAN GROUND HORNBILL/174.jpg,ABYSSINIAN GROUND HORNBILL,train,BUCORVUS ABYSSINICUS
2.0,train/ABYSSINIAN GROUND HORNBILL/173.jpg,ABYSSINIAN GROUND HORNBILL,train,BUCORVUS ABYSSINICUS
2.0,train/ABYSSINIAN GROUND HORNBILL/177.jpg,ABYSSINIAN GROUND HORNBILL,train,BUCORVUS ABYSSINICUS
2.0,train/ABYSSINIAN GROUND HORNBILL/094.jpg,ABYSSINIAN GROUND HORNBILL,train,BUCORVUS ABYSSINICUS
2.0,train/ABYSSINIAN GROUND HORNBILL/176.jpg,ABYSSINIAN GROUND HORNBILL,train,BUCORVUS ABYSSINICUS
2.0,train/ABYSSINIAN GROUND HORNBILL/092.jpg,ABYSSINIAN GROUND HORNBILL,train,BUCORVUS ABYSSINICUS
2.0,train/ABYSSINIAN GROUND HORNBILL/096.jpg,ABYSSINIAN GROUND HORNBILL,train,BUCORVUS ABYSSINICUS
2.0,train/ABYSSINIAN GROUND HORNBILL/179.jpg,ABYSSINIAN GROUND HORNBILL,train,BUCORVUS ABYSSINICUS
2.0,train/ABYSSINIAN GROUND HORNBILL/163.jpg,ABYSSINIAN GROUND HORNBILL,train,BUCORVUS ABYSSINICUS
2.0,train/ABYSSINIAN GROUND HORNBILL/098.jpg,ABYSSINIAN GROUND HORNBILL,train,BUCORVUS ABYSSINICUS
2.0,train/ABYSSINIAN GROUND HORNBILL/161.jpg,ABYSSINIAN GROUND HORNBILL,train,BUCORVUS ABYSSINICUS
2.0,train/ABYSSINIAN GROUND HORNBILL/165.jpg,ABYSSINIAN GROUND HORNBILL,train,BUCORVUS ABYSSINICUS
2.0,train/ABYSSINIAN GROUND HORNBILL/100.jpg,ABYSSINIAN GROUND HORNBILL,train,BUCORVUS ABYSSINICUS
2.0,train/ABYSSINIAN GROUND HORNBILL/160.jpg,ABYSSINIAN GROUND HORNBILL,train,BUCORVUS ABYSSINICUS
2.0,train/ABYSSINIAN GROUND HORNBILL/167.jpg,ABYSSINIAN GROUND HORNBILL,train,BUCORVUS ABYSSINICUS
3.0,train/AFRICAN CROWNED CRANE/012.jpg,AFRICAN CROWNED CRANE,train,BALEARICA REGULORUM
3.0,train/AFRICAN CROWNED CRANE/010.jpg,AFRICAN CROWNED CRANE,train,BALEARICA REGULORUM
3.0,train/AFRICAN CROWNED CRANE/007.jpg,AFRICAN CROWNED CRANE,train,BALEARICA REGULORUM
3.0,train/AFRICAN CROWNED CRANE/009.jpg,AFRICAN CROWNED CRANE,train,BALEARICA REGULORUM
3.0,train/AFRICAN CROWNED CRANE/008.jpg,AFRICAN CROWNED CRANE,train,BALEARICA REGULORUM
3.0,train/AFRICAN CROWNED CRANE/014.jpg,AFRICAN CROWNED CRANE,train,BALEARICA REGULORUM
3.0,train/AFRICAN CROWNED CRANE/006.jpg,AFRICAN CROWNED CRANE,train,BALEARICA REGULORUM
3.0,train/AFRICAN CROWNED CRANE/005.jpg,AFRICAN CROWNED CRANE,train,BALEARICA REGULORUM
3.0,train/AFRICAN CROWNED CRANE/004.jpg,AFRICAN CROWNED CRANE,train,BALEARICA REGULORUM
3.0,train/AFRICAN CROWNED CRANE/003.jpg,AFRICAN CROWNED CRANE,train,BALEARICA REGULORUM
3.0,train/AFRICAN CROWNED CRANE/001.jpg,AFRICAN CROWNED CRANE,train,BALEARICA REGULORUM
3.0,train/AFRICAN CROWNED CRANE/011.jpg,AFRICAN CROWNED CRANE,train,BALEARICA REGULORUM
3.0,train/AFRICAN CROWNED CRANE/105.jpg,AFRICAN CROWNED CRANE,train,BALEARICA REGULORUM
3.0,train/AFRICAN CROWNED CRANE/002.jpg,AFRICAN CROWNED CRANE,train,BALEARICA REGULORUM
3.0,train/AFRICAN CROWNED CRANE/117.jpg,AFRICAN CROWNED CRANE,train,BALEARICA REGULORUM
3.0,train/AFRICAN CROWNED CRANE/019.jpg,AFRICAN CROWNED CRANE,train,BALEARICA REGULORUM
3.0,train/AFRICAN CROWNED CRANE/021.jpg,AFRICAN CROWNED CRANE,train,BALEARICA REGULORUM
3.0,train/AFRICAN CROWNED CRANE/022.jpg,AFRICAN CROWNED CRANE,train,BALEARICA REGULORUM
3.0,train/AFRICAN CROWNED CRANE/023.jpg,AFRICAN CROWNED CRANE,train,BALEARICA REGULORUM
3.0,train/AFRICAN CROWNED CRANE/016.jpg,AFRICAN CROWNED CRANE,train,BALEARICA REGULORUM
3.0,train/AFRICAN CROWNED CRANE/031.jpg,AFRICAN CROWNED CRANE,train,BALEARICA REGULORUM
3.0,train/AFRICAN CROWNED CRANE/017.jpg,AFRICAN CROWNED CRANE,train,BALEARICA REGULORUM
3.0,train/AFRICAN CROWNED CRANE/018.jpg,AFRICAN CROWNED CRANE,train,BALEARICA REGULORUM
3.0,train/AFRICAN CROWNED CRANE/024.jpg,AFRICAN CROWNED CRANE,train,BALEARICA REGULORUM
3.0,train/AFRICAN CROWNED CRANE/025.jpg,AFRICAN CROWNED CRANE,train,BALEARICA REGULORUM
3.0,train/AFRICAN CROWNED CRANE/026.jpg,AFRICAN CROWNED CRANE,train,BALEARICA REGULORUM
3.0,train/AFRICAN CROWNED CRANE/027.jpg,AFRICAN CROWNED CRANE,train,BALEARICA REGULORUM
3.0,train/AFRICAN CROWNED CRANE/115.jpg,AFRICAN CROWNED CRANE,train,BALEARICA REGULORUM
3.0,train/AFRICAN CROWNED CRANE/068.jpg,AFRICAN CROWNED CRANE,train,BALEARICA REGULORUM
3.0,train/AFRICAN CROWNED CRANE/013.jpg,AFRICAN CROWNED CRANE,train,BALEARICA REGULORUM
3.0,train/AFRICAN CROWNED CRANE/020.jpg,AFRICAN CROWNED CRANE,train,BALEARICA REGULORUM
3.0,train/AFRICAN CROWNED CRANE/107.jpg,AFRICAN CROWNED CRANE,train,BALEARICA REGULORUM
3.0,train/AFRICAN CROWNED CRANE/030.jpg,AFRICAN CROWNED CRANE,train,BALEARICA REGULORUM
3.0,train/AFRICAN CROWNED CRANE/058.jpg,AFRICAN CROWNED CRANE,train,BALEARICA REGULORUM
3.0,train/AFRICAN CROWNED CRANE/032.jpg,AFRICAN CROWNED CRANE,train,BALEARICA REGULORUM
3.0,train/AFRICAN CROWNED CRANE/015.jpg,AFRICAN CROWNED CRANE,train,BALEARICA REGULORUM
3.0,train/AFRICAN CROWNED CRANE/049.jpg,AFRICAN CROWNED CRANE,train,BALEARICA REGULORUM
3.0,train/AFRICAN CROWNED CRANE/048.jpg,AFRICAN CROWNED CRANE,train,BALEARICA REGULORUM
3.0,train/AFRICAN CROWNED CRANE/029.jpg,AFRICAN CROWNED CRANE,train,BALEARICA REGULORUM
3.0,train/AFRICAN CROWNED CRANE/044.jpg,AFRICAN CROWNED CRANE,train,BALEARICA REGULORUM
3.0,train/AFRICAN CROWNED CRANE/040.jpg,AFRICAN CROWNED CRANE,train,BALEARICA REGULORUM
3.0,train/AFRICAN CROWNED CRANE/041.jpg,AFRICAN CROWNED CRANE,train,BALEARICA REGULORUM
3.0,train/AFRICAN CROWNED CRANE/043.jpg,AFRICAN CROWNED CRANE,train,BALEARICA REGULORUM
3.0,train/AFRICAN CROWNED CRANE/045.jpg,AFRICAN CROWNED CRANE,train,BALEARICA REGULORUM
3.0,train/AFRICAN CROWNED CRANE/046.jpg,AFRICAN CROWNED CRANE,train,BALEARICA REGULORUM
3.0,train/AFRICAN CROWNED CRANE/050.jpg,AFRICAN CROWNED CRANE,train,BALEARICA REGULORUM
3.0,train/AFRICAN CROWNED CRANE/028.jpg,AFRICAN CROWNED CRANE,train,BALEARICA REGULORUM
3.0,train/AFRICAN CROWNED CRANE/038.jpg,AFRICAN CROWNED CRANE,train,BALEARICA REGULORUM
3.0,train/AFRICAN CROWNED CRANE/037.jpg,AFRICAN CROWNED CRANE,train,BALEARICA REGULORUM
3.0,train/AFRICAN CROWNED CRANE/042.jpg,AFRICAN CROWNED CRANE,train,BALEARICA REGULORUM
3.0,train/AFRICAN CROWNED CRANE/055.jpg,AFRICAN CROWNED CRANE,train,BALEARICA REGULORUM
3.0,train/AFRICAN CROWNED CRANE/036.jpg,AFRICAN CROWNED CRANE,train,BALEARICA REGULORUM
3.0,train/AFRICAN CROWNED CRANE/056.jpg,AFRICAN CROWNED CRANE,train,BALEARICA REGULORUM
3.0,train/AFRICAN CROWNED CRANE/047.jpg,AFRICAN CROWNED CRANE,train,BALEARICA REGULORUM
3.0,train/AFRICAN CROWNED CRANE/057.jpg,AFRICAN CROWNED CRANE,train,BALEARICA REGULORUM
3.0,train/AFRICAN CROWNED CRANE/065.jpg,AFRICAN CROWNED CRANE,train,BALEARICA REGULORUM
3.0,train/AFRICAN CROWNED CRANE/063.jpg,AFRICAN CROWNED CRANE,train,BALEARICA REGULORUM
3.0,train/AFRICAN CROWNED CRANE/066.jpg,AFRICAN CROWNED CRANE,train,BALEARICA REGULORUM
3.0,train/AFRICAN CROWNED CRANE/059.jpg,AFRICAN CROWNED CRANE,train,BALEARICA REGULORUM
3.0,train/AFRICAN CROWNED CRANE/053.jpg,AFRICAN CROWNED CRANE,train,BALEARICA REGULORUM
3.0,train/AFRICAN CROWNED CRANE/051.jpg,AFRICAN CROWNED CRANE,train,BALEARICA REGULORUM
3.0,train/AFRICAN CROWNED CRANE/039.jpg,AFRICAN CROWNED CRANE,train,BALEARICA REGULORUM
3.0,train/AFRICAN CROWNED CRANE/060.jpg,AFRICAN CROWNED CRANE,train,BALEARICA REGULORUM
3.0,train/AFRICAN CROWNED CRANE/035.jpg,AFRICAN CROWNED CRANE,train,BALEARICA REGULORUM
3.0,train/AFRICAN CROWNED CRANE/061.jpg,AFRICAN CROWNED CRANE,train,BALEARICA REGULORUM
3.0,train/AFRICAN CROWNED CRANE/034.jpg,AFRICAN CROWNED CRANE,train,BALEARICA REGULORUM
3.0,train/AFRICAN CROWNED CRANE/067.jpg,AFRICAN CROWNED CRANE,train,BALEARICA REGULORUM
3.0,train/AFRICAN CROWNED CRANE/123.jpg,AFRICAN CROWNED CRANE,train,BALEARICA REGULORUM
3.0,train/AFRICAN CROWNED CRANE/069.jpg,AFRICAN CROWNED CRANE,train,BALEARICA REGULORUM
3.0,train/AFRICAN CROWNED CRANE/086.jpg,AFRICAN CROWNED CRANE,train,BALEARICA REGULORUM
3.0,train/AFRICAN CROWNED CRANE/099.jpg,AFRICAN CROWNED CRANE,train,BALEARICA REGULORUM
3.0,train/AFRICAN CROWNED CRANE/062.jpg,AFRICAN CROWNED CRANE,train,BALEARICA REGULORUM
3.0,train/AFRICAN CROWNED CRANE/073.jpg,AFRICAN CROWNED CRANE,train,BALEARICA REGULORUM
3.0,train/AFRICAN CROWNED CRANE/074.jpg,AFRICAN CROWNED CRANE,train,BALEARICA REGULORUM
3.0,train/AFRICAN CROWNED CRANE/075.jpg,AFRICAN CROWNED CRANE,train,BALEARICA REGULORUM
3.0,train/AFRICAN CROWNED CRANE/076.jpg,AFRICAN CROWNED CRANE,train,BALEARICA REGULORUM
3.0,train/AFRICAN CROWNED CRANE/082.jpg,AFRICAN CROWNED CRANE,train,BALEARICA REGULORUM
3.0,train/AFRICAN CROWNED CRANE/083.jpg,AFRICAN CROWNED CRANE,train,BALEARICA REGULORUM
3.0,train/AFRICAN CROWNED CRANE/084.jpg,AFRICAN CROWNED CRANE,train,BALEARICA REGULORUM
3.0,train/AFRICAN CROWNED CRANE/085.jpg,AFRICAN CROWNED CRANE,train,BALEARICA REGULORUM
3.0,train/AFRICAN CROWNED CRANE/077.jpg,AFRICAN CROWNED CRANE,train,BALEARICA REGULORUM
3.0,train/AFRICAN CROWNED CRANE/078.jpg,AFRICAN CROWNED CRANE,train,BALEARICA REGULORUM
3.0,train/AFRICAN CROWNED CRANE/079.jpg,AFRICAN CROWNED CRANE,train,BALEARICA REGULORUM
3.0,train/AFRICAN CROWNED CRANE/080.jpg,AFRICAN CROWNED CRANE,train,BALEARICA REGULORUM
3.0,train/AFRICAN CROWNED CRANE/081.jpg,AFRICAN CROWNED CRANE,train,BALEARICA REGULORUM
3.0,train/AFRICAN CROWNED CRANE/052.jpg,AFRICAN CROWNED CRANE,train,BALEARICA REGULORUM
3.0,train/AFRICAN CROWNED CRANE/088.jpg,AFRICAN CROWNED CRANE,train,BALEARICA REGULORUM
3.0,train/AFRICAN CROWNED CRANE/098.jpg,AFRICAN CROWNED CRANE,train,BALEARICA REGULORUM
3.0,train/AFRICAN CROWNED CRANE/096.jpg,AFRICAN CROWNED CRANE,train,BALEARICA REGULORUM
3.0,train/AFRICAN CROWNED CRANE/095.jpg,AFRICAN CROWNED CRANE,train,BALEARICA REGULORUM
3.0,train/AFRICAN CROWNED CRANE/094.jpg,AFRICAN CROWNED CRANE,train,BALEARICA REGULORUM
3.0,train/AFRICAN CROWNED CRANE/093.jpg,AFRICAN CROWNED CRANE,train,BALEARICA REGULORUM
3.0,train/AFRICAN CROWNED CRANE/100.jpg,AFRICAN CROWNED CRANE,train,BALEARICA REGULORUM
3.0,train/AFRICAN CROWNED CRANE/091.jpg,AFRICAN CROWNED CRANE,train,BALEARICA REGULORUM
3.0,train/AFRICAN CROWNED CRANE/090.jpg,AFRICAN CROWNED CRANE,train,BALEARICA REGULORUM
3.0,train/AFRICAN CROWNED CRANE/092.jpg,AFRICAN CROWNED CRANE,train,BALEARICA REGULORUM
3.0,train/AFRICAN CROWNED CRANE/089.jpg,AFRICAN CROWNED CRANE,train,BALEARICA REGULORUM
3.0,train/AFRICAN CROWNED CRANE/087.jpg,AFRICAN CROWNED CRANE,train,BALEARICA REGULORUM
3.0,train/AFRICAN CROWNED CRANE/033.jpg,AFRICAN CROWNED CRANE,train,BALEARICA REGULORUM
3.0,train/AFRICAN CROWNED CRANE/097.jpg,AFRICAN CROWNED CRANE,train,BALEARICA REGULORUM
3.0,train/AFRICAN CROWNED CRANE/054.jpg,AFRICAN CROWNED CRANE,train,BALEARICA REGULORUM
3.0,train/AFRICAN CROWNED CRANE/064.jpg,AFRICAN CROWNED CRANE,train,BALEARICA REGULORUM
3.0,train/AFRICAN CROWNED CRANE/112.jpg,AFRICAN CROWNED CRANE,train,BALEARICA REGULORUM
3.0,train/AFRICAN CROWNED CRANE/103.jpg,AFRICAN CROWNED CRANE,train,BALEARICA REGULORUM
3.0,train/AFRICAN CROWNED CRANE/070.jpg,AFRICAN CROWNED CRANE,train,BALEARICA REGULORUM
3.0,train/AFRICAN CROWNED CRANE/109.jpg,AFRICAN CROWNED CRANE,train,BALEARICA REGULORUM
3.0,train/AFRICAN CROWNED CRANE/124.jpg,AFRICAN CROWNED CRANE,train,BALEARICA REGULORUM
3.0,train/AFRICAN CROWNED CRANE/110.jpg,AFRICAN CROWNED CRANE,train,BALEARICA REGULORUM
3.0,train/AFRICAN CROWNED CRANE/118.jpg,AFRICAN CROWNED CRANE,train,BALEARICA REGULORUM
3.0,train/AFRICAN CROWNED CRANE/116.jpg,AFRICAN CROWNED CRANE,train,BALEARICA REGULORUM
3.0,train/AFRICAN CROWNED CRANE/111.jpg,AFRICAN CROWNED CRANE,train,BALEARICA REGULORUM
3.0,train/AFRICAN CROWNED CRANE/104.jpg,AFRICAN CROWNED CRANE,train,BALEARICA REGULORUM
3.0,train/AFRICAN CROWNED CRANE/106.jpg,AFRICAN CROWNED CRANE,train,BALEARICA REGULORUM
3.0,train/AFRICAN CROWNED CRANE/119.jpg,AFRICAN CROWNED CRANE,train,BALEARICA REGULORUM
3.0,train/AFRICAN CROWNED CRANE/132.jpg,AFRICAN CROWNED CRANE,train,BALEARICA REGULORUM
3.0,train/AFRICAN CROWNED CRANE/113.jpg,AFRICAN CROWNED CRANE,train,BALEARICA REGULORUM
3.0,train/AFRICAN CROWNED CRANE/135.jpg,AFRICAN CROWNED CRANE,train,BALEARICA REGULORUM
3.0,train/AFRICAN CROWNED CRANE/114.jpg,AFRICAN CROWNED CRANE,train,BALEARICA REGULORUM
3.0,train/AFRICAN CROWNED CRANE/108.jpg,AFRICAN CROWNED CRANE,train,BALEARICA REGULORUM
3.0,train/AFRICAN CROWNED CRANE/129.jpg,AFRICAN CROWNED CRANE,train,BALEARICA REGULORUM
3.0,train/AFRICAN CROWNED CRANE/134.jpg,AFRICAN CROWNED CRANE,train,BALEARICA REGULORUM
3.0,train/AFRICAN CROWNED CRANE/133.jpg,AFRICAN CROWNED CRANE,train,BALEARICA REGULORUM
3.0,train/AFRICAN CROWNED CRANE/071.jpg,AFRICAN CROWNED CRANE,train,BALEARICA REGULORUM
3.0,train/AFRICAN CROWNED CRANE/101.jpg,AFRICAN CROWNED CRANE,train,BALEARICA REGULORUM
3.0,train/AFRICAN CROWNED CRANE/120.jpg,AFRICAN CROWNED CRANE,train,BALEARICA REGULORUM
3.0,train/AFRICAN CROWNED CRANE/125.jpg,AFRICAN CROWNED CRANE,train,BALEARICA REGULORUM
3.0,train/AFRICAN CROWNED CRANE/126.jpg,AFRICAN CROWNED CRANE,train,BALEARICA REGULORUM
3.0,train/AFRICAN CROWNED CRANE/128.jpg,AFRICAN CROWNED CRANE,train,BALEARICA REGULORUM
3.0,train/AFRICAN CROWNED CRANE/130.jpg,AFRICAN CROWNED CRANE,train,BALEARICA REGULORUM
3.0,train/AFRICAN CROWNED CRANE/131.jpg,AFRICAN CROWNED CRANE,train,BALEARICA REGULORUM
3.0,train/AFRICAN CROWNED CRANE/127.jpg,AFRICAN CROWNED CRANE,train,BALEARICA REGULORUM
3.0,train/AFRICAN CROWNED CRANE/072.jpg,AFRICAN CROWNED CRANE,train,BALEARICA REGULORUM
3.0,train/AFRICAN CROWNED CRANE/122.jpg,AFRICAN CROWNED CRANE,train,BALEARICA REGULORUM
3.0,train/AFRICAN CROWNED CRANE/121.jpg,AFRICAN CROWNED CRANE,train,BALEARICA REGULORUM
3.0,train/AFRICAN CROWNED CRANE/102.jpg,AFRICAN CROWNED CRANE,train,BALEARICA REGULORUM
4.0,train/AFRICAN EMERALD CUCKOO/003.jpg,AFRICAN EMERALD CUCKOO,train,CHRYSOCOCCYX CUPREUS
4.0,train/AFRICAN EMERALD CUCKOO/018.jpg,AFRICAN EMERALD CUCKOO,train,CHRYSOCOCCYX CUPREUS
4.0,train/AFRICAN EMERALD CUCKOO/028.jpg,AFRICAN EMERALD CUCKOO,train,CHRYSOCOCCYX CUPREUS
4.0,train/AFRICAN EMERALD CUCKOO/026.jpg,AFRICAN EMERALD CUCKOO,train,CHRYSOCOCCYX CUPREUS
4.0,train/AFRICAN EMERALD CUCKOO/051.jpg,AFRICAN EMERALD CUCKOO,train,CHRYSOCOCCYX CUPREUS
4.0,train/AFRICAN EMERALD CUCKOO/017.jpg,AFRICAN EMERALD CUCKOO,train,CHRYSOCOCCYX CUPREUS
4.0,train/AFRICAN EMERALD CUCKOO/024.jpg,AFRICAN EMERALD CUCKOO,train,CHRYSOCOCCYX CUPREUS
4.0,train/AFRICAN EMERALD CUCKOO/041.jpg,AFRICAN EMERALD CUCKOO,train,CHRYSOCOCCYX CUPREUS
4.0,train/AFRICAN EMERALD CUCKOO/007.jpg,AFRICAN EMERALD CUCKOO,train,CHRYSOCOCCYX CUPREUS
4.0,train/AFRICAN EMERALD CUCKOO/016.jpg,AFRICAN EMERALD CUCKOO,train,CHRYSOCOCCYX CUPREUS
4.0,train/AFRICAN EMERALD CUCKOO/009.jpg,AFRICAN EMERALD CUCKOO,train,CHRYSOCOCCYX CUPREUS
4.0,train/AFRICAN EMERALD CUCKOO/015.jpg,AFRICAN EMERALD CUCKOO,train,CHRYSOCOCCYX CUPREUS
4.0,train/AFRICAN EMERALD CUCKOO/001.jpg,AFRICAN EMERALD CUCKOO,train,CHRYSOCOCCYX CUPREUS
4.0,train/AFRICAN EMERALD CUCKOO/006.jpg,AFRICAN EMERALD CUCKOO,train,CHRYSOCOCCYX CUPREUS
4.0,train/AFRICAN EMERALD CUCKOO/004.jpg,AFRICAN EMERALD CUCKOO,train,CHRYSOCOCCYX CUPREUS
4.0,train/AFRICAN EMERALD CUCKOO/002.jpg,AFRICAN EMERALD CUCKOO,train,CHRYSOCOCCYX CUPREUS
4.0,train/AFRICAN EMERALD CUCKOO/029.jpg,AFRICAN EMERALD CUCKOO,train,CHRYSOCOCCYX CUPREUS
4.0,train/AFRICAN EMERALD CUCKOO/031.jpg,AFRICAN EMERALD CUCKOO,train,CHRYSOCOCCYX CUPREUS
4.0,train/AFRICAN EMERALD CUCKOO/013.jpg,AFRICAN EMERALD CUCKOO,train,CHRYSOCOCCYX CUPREUS
4.0,train/AFRICAN EMERALD CUCKOO/014.jpg,AFRICAN EMERALD CUCKOO,train,CHRYSOCOCCYX CUPREUS
4.0,train/AFRICAN EMERALD CUCKOO/019.jpg,AFRICAN EMERALD CUCKOO,train,CHRYSOCOCCYX CUPREUS
4.0,train/AFRICAN EMERALD CUCKOO/020.jpg,AFRICAN EMERALD CUCKOO,train,CHRYSOCOCCYX CUPREUS
4.0,train/AFRICAN EMERALD CUCKOO/010.jpg,AFRICAN EMERALD CUCKOO,train,CHRYSOCOCCYX CUPREUS
4.0,train/AFRICAN EMERALD CUCKOO/077.jpg,AFRICAN EMERALD CUCKOO,train,CHRYSOCOCCYX CUPREUS
4.0,train/AFRICAN EMERALD CUCKOO/011.jpg,AFRICAN EMERALD CUCKOO,train,CHRYSOCOCCYX CUPREUS
4.0,train/AFRICAN EMERALD CUCKOO/033.jpg,AFRICAN EMERALD CUCKOO,train,CHRYSOCOCCYX CUPREUS
4.0,train/AFRICAN EMERALD CUCKOO/012.jpg,AFRICAN EMERALD CUCKOO,train,CHRYSOCOCCYX CUPREUS
4.0,train/AFRICAN EMERALD CUCKOO/035.jpg,AFRICAN EMERALD CUCKOO,train,CHRYSOCOCCYX CUPREUS
4.0,train/AFRICAN EMERALD CUCKOO/021.jpg,AFRICAN EMERALD CUCKOO,train,CHRYSOCOCCYX CUPREUS
4.0,train/AFRICAN EMERALD CUCKOO/032.jpg,AFRICAN EMERALD CUCKOO,train,CHRYSOCOCCYX CUPREUS
4.0,train/AFRICAN EMERALD CUCKOO/022.jpg,AFRICAN EMERALD CUCKOO,train,CHRYSOCOCCYX CUPREUS
4.0,train/AFRICAN EMERALD CUCKOO/034.jpg,AFRICAN EMERALD CUCKOO,train,CHRYSOCOCCYX CUPREUS
4.0,train/AFRICAN EMERALD CUCKOO/025.jpg,AFRICAN EMERALD CUCKOO,train,CHRYSOCOCCYX CUPREUS
4.0,train/AFRICAN EMERALD CUCKOO/036.jpg,AFRICAN EMERALD CUCKOO,train,CHRYSOCOCCYX CUPREUS
4.0,train/AFRICAN EMERALD CUCKOO/027.jpg,AFRICAN EMERALD CUCKOO,train,CHRYSOCOCCYX CUPREUS
4.0,train/AFRICAN EMERALD CUCKOO/030.jpg,AFRICAN EMERALD CUCKOO,train,CHRYSOCOCCYX CUPREUS
4.0,train/AFRICAN EMERALD CUCKOO/044.jpg,AFRICAN EMERALD CUCKOO,train,CHRYSOCOCCYX CUPREUS
4.0,train/AFRICAN EMERALD CUCKOO/047.jpg,AFRICAN EMERALD CUCKOO,train,CHRYSOCOCCYX CUPREUS
4.0,train/AFRICAN EMERALD CUCKOO/050.jpg,AFRICAN EMERALD CUCKOO,train,CHRYSOCOCCYX CUPREUS
4.0,train/AFRICAN EMERALD CUCKOO/055.jpg,AFRICAN EMERALD CUCKOO,train,CHRYSOCOCCYX CUPREUS
4.0,train/AFRICAN EMERALD CUCKOO/005.jpg,AFRICAN EMERALD CUCKOO,train,CHRYSOCOCCYX CUPREUS
4.0,train/AFRICAN EMERALD CUCKOO/076.jpg,AFRICAN EMERALD CUCKOO,train,CHRYSOCOCCYX CUPREUS
4.0,train/AFRICAN EMERALD CUCKOO/046.jpg,AFRICAN EMERALD CUCKOO,train,CHRYSOCOCCYX CUPREUS
4.0,train/AFRICAN EMERALD CUCKOO/008.jpg,AFRICAN EMERALD CUCKOO,train,CHRYSOCOCCYX CUPREUS
4.0,train/AFRICAN EMERALD CUCKOO/069.jpg,AFRICAN EMERALD CUCKOO,train,CHRYSOCOCCYX CUPREUS
4.0,train/AFRICAN EMERALD CUCKOO/043.jpg,AFRICAN EMERALD CUCKOO,train,CHRYSOCOCCYX CUPREUS
4.0,train/AFRICAN EMERALD CUCKOO/037.jpg,AFRICAN EMERALD CUCKOO,train,CHRYSOCOCCYX CUPREUS
4.0,train/AFRICAN EMERALD CUCKOO/070.jpg,AFRICAN EMERALD CUCKOO,train,CHRYSOCOCCYX CUPREUS
4.0,train/AFRICAN EMERALD CUCKOO/049.jpg,AFRICAN EMERALD CUCKOO,train,CHRYSOCOCCYX CUPREUS
4.0,train/AFRICAN EMERALD CUCKOO/071.jpg,AFRICAN EMERALD CUCKOO,train,CHRYSOCOCCYX CUPREUS
4.0,train/AFRICAN EMERALD CUCKOO/057.jpg,AFRICAN EMERALD CUCKOO,train,CHRYSOCOCCYX CUPREUS
4.0,train/AFRICAN EMERALD CUCKOO/053.jpg,AFRICAN EMERALD CUCKOO,train,CHRYSOCOCCYX CUPREUS
4.0,train/AFRICAN EMERALD CUCKOO/052.jpg,AFRICAN EMERALD CUCKOO,train,CHRYSOCOCCYX CUPREUS
4.0,train/AFRICAN EMERALD CUCKOO/058.jpg,AFRICAN EMERALD CUCKOO,train,CHRYSOCOCCYX CUPREUS
4.0,train/AFRICAN EMERALD CUCKOO/072.jpg,AFRICAN EMERALD CUCKOO,train,CHRYSOCOCCYX CUPREUS
4.0,train/AFRICAN EMERALD CUCKOO/056.jpg,AFRICAN EMERALD CUCKOO,train,CHRYSOCOCCYX CUPREUS
4.0,train/AFRICAN EMERALD CUCKOO/054.jpg,AFRICAN EMERALD CUCKOO,train,CHRYSOCOCCYX CUPREUS
4.0,train/AFRICAN EMERALD CUCKOO/038.jpg,AFRICAN EMERALD CUCKOO,train,CHRYSOCOCCYX CUPREUS
4.0,train/AFRICAN EMERALD CUCKOO/059.jpg,AFRICAN EMERALD CUCKOO,train,CHRYSOCOCCYX CUPREUS
4.0,train/AFRICAN EMERALD CUCKOO/065.jpg,AFRICAN EMERALD CUCKOO,train,CHRYSOCOCCYX CUPREUS
4.0,train/AFRICAN EMERALD CUCKOO/066.jpg,AFRICAN EMERALD CUCKOO,train,CHRYSOCOCCYX CUPREUS
4.0,train/AFRICAN EMERALD CUCKOO/067.jpg,AFRICAN EMERALD CUCKOO,train,CHRYSOCOCCYX CUPREUS
4.0,train/AFRICAN EMERALD CUCKOO/073.jpg,AFRICAN EMERALD CUCKOO,train,CHRYSOCOCCYX CUPREUS
4.0,train/AFRICAN EMERALD CUCKOO/075.jpg,AFRICAN EMERALD CUCKOO,train,CHRYSOCOCCYX CUPREUS
4.0,train/AFRICAN EMERALD CUCKOO/060.jpg,AFRICAN EMERALD CUCKOO,train,CHRYSOCOCCYX CUPREUS
4.0,train/AFRICAN EMERALD CUCKOO/061.jpg,AFRICAN EMERALD CUCKOO,train,CHRYSOCOCCYX CUPREUS
4.0,train/AFRICAN EMERALD CUCKOO/062.jpg,AFRICAN EMERALD CUCKOO,train,CHRYSOCOCCYX CUPREUS
4.0,train/AFRICAN EMERALD CUCKOO/068.jpg,AFRICAN EMERALD CUCKOO,train,CHRYSOCOCCYX CUPREUS
4.0,train/AFRICAN EMERALD CUCKOO/039.jpg,AFRICAN EMERALD CUCKOO,train,CHRYSOCOCCYX CUPREUS
4.0,train/AFRICAN EMERALD CUCKOO/040.jpg,AFRICAN EMERALD CUCKOO,train,CHRYSOCOCCYX CUPREUS
4.0,train/AFRICAN EMERALD CUCKOO/042.jpg,AFRICAN EMERALD CUCKOO,train,CHRYSOCOCCYX CUPREUS
4.0,train/AFRICAN EMERALD CUCKOO/045.jpg,AFRICAN EMERALD CUCKOO,train,CHRYSOCOCCYX CUPREUS
4.0,train/AFRICAN EMERALD CUCKOO/063.jpg,AFRICAN EMERALD CUCKOO,train,CHRYSOCOCCYX CUPREUS
4.0,train/AFRICAN EMERALD CUCKOO/048.jpg,AFRICAN EMERALD CUCKOO,train,CHRYSOCOCCYX CUPREUS
4.0,train/AFRICAN EMERALD CUCKOO/064.jpg,AFRICAN EMERALD CUCKOO,train,CHRYSOCOCCYX CUPREUS
4.0,train/AFRICAN EMERALD CUCKOO/074.jpg,AFRICAN EMERALD CUCKOO,train,CHRYSOCOCCYX CUPREUS
4.0,train/AFRICAN EMERALD CUCKOO/023.jpg,AFRICAN EMERALD CUCKOO,train,CHRYSOCOCCYX CUPREUS
4.0,train/AFRICAN EMERALD CUCKOO/083.jpg,AFRICAN EMERALD CUCKOO,train,CHRYSOCOCCYX CUPREUS
4.0,train/AFRICAN EMERALD CUCKOO/131.jpg,AFRICAN EMERALD CUCKOO,train,CHRYSOCOCCYX CUPREUS
4.0,train/AFRICAN EMERALD CUCKOO/096.jpg,AFRICAN EMERALD CUCKOO,train,CHRYSOCOCCYX CUPREUS
4.0,train/AFRICAN EMERALD CUCKOO/115.jpg,AFRICAN EMERALD CUCKOO,train,CHRYSOCOCCYX CUPREUS
4.0,train/AFRICAN EMERALD CUCKOO/091.jpg,AFRICAN EMERALD CUCKOO,train,CHRYSOCOCCYX CUPREUS
4.0,train/AFRICAN EMERALD CUCKOO/108.jpg,AFRICAN EMERALD CUCKOO,train,CHRYSOCOCCYX CUPREUS
4.0,train/AFRICAN EMERALD CUCKOO/078.jpg,AFRICAN EMERALD CUCKOO,train,CHRYSOCOCCYX CUPREUS
4.0,train/AFRICAN EMERALD CUCKOO/109.jpg,AFRICAN EMERALD CUCKOO,train,CHRYSOCOCCYX CUPREUS
4.0,train/AFRICAN EMERALD CUCKOO/093.jpg,AFRICAN EMERALD CUCKOO,train,CHRYSOCOCCYX CUPREUS
4.0,train/AFRICAN EMERALD CUCKOO/095.jpg,AFRICAN EMERALD CUCKOO,train,CHRYSOCOCCYX CUPREUS
4.0,train/AFRICAN EMERALD CUCKOO/090.jpg,AFRICAN EMERALD CUCKOO,train,CHRYSOCOCCYX CUPREUS
4.0,train/AFRICAN EMERALD CUCKOO/080.jpg,AFRICAN EMERALD CUCKOO,train,CHRYSOCOCCYX CUPREUS
4.0,train/AFRICAN EMERALD CUCKOO/092.jpg,AFRICAN EMERALD CUCKOO,train,CHRYSOCOCCYX CUPREUS
4.0,train/AFRICAN EMERALD CUCKOO/081.jpg,AFRICAN EMERALD CUCKOO,train,CHRYSOCOCCYX CUPREUS
4.0,train/AFRICAN EMERALD CUCKOO/094.jpg,AFRICAN EMERALD CUCKOO,train,CHRYSOCOCCYX CUPREUS
4.0,train/AFRICAN EMERALD CUCKOO/085.jpg,AFRICAN EMERALD CUCKOO,train,CHRYSOCOCCYX CUPREUS
4.0,train/AFRICAN EMERALD CUCKOO/088.jpg,AFRICAN EMERALD CUCKOO,train,CHRYSOCOCCYX CUPREUS
4.0,train/AFRICAN EMERALD CUCKOO/097.jpg,AFRICAN EMERALD CUCKOO,train,CHRYSOCOCCYX CUPREUS
4.0,train/AFRICAN EMERALD CUCKOO/111.jpg,AFRICAN EMERALD CUCKOO,train,CHRYSOCOCCYX CUPREUS
4.0,train/AFRICAN EMERALD CUCKOO/110.jpg,AFRICAN EMERALD CUCKOO,train,CHRYSOCOCCYX CUPREUS
4.0,train/AFRICAN EMERALD CUCKOO/089.jpg,AFRICAN EMERALD CUCKOO,train,CHRYSOCOCCYX CUPREUS
4.0,train/AFRICAN EMERALD CUCKOO/101.jpg,AFRICAN EMERALD CUCKOO,train,CHRYSOCOCCYX CUPREUS
4.0,train/AFRICAN EMERALD CUCKOO/098.jpg,AFRICAN EMERALD CUCKOO,train,CHRYSOCOCCYX CUPREUS
4.0,train/AFRICAN EMERALD CUCKOO/086.jpg,AFRICAN EMERALD CUCKOO,train,CHRYSOCOCCYX CUPREUS
4.0,train/AFRICAN EMERALD CUCKOO/084.jpg,AFRICAN EMERALD CUCKOO,train,CHRYSOCOCCYX CUPREUS
4.0,train/AFRICAN EMERALD CUCKOO/114.jpg,AFRICAN EMERALD CUCKOO,train,CHRYSOCOCCYX CUPREUS
4.0,train/AFRICAN EMERALD CUCKOO/082.jpg,AFRICAN EMERALD CUCKOO,train,CHRYSOCOCCYX CUPREUS
4.0,train/AFRICAN EMERALD CUCKOO/151.jpg,AFRICAN EMERALD CUCKOO,train,CHRYSOCOCCYX CUPREUS
4.0,train/AFRICAN EMERALD CUCKOO/140.jpg,AFRICAN EMERALD CUCKOO,train,CHRYSOCOCCYX CUPREUS
4.0,train/AFRICAN EMERALD CUCKOO/104.jpg,AFRICAN EMERALD CUCKOO,train,CHRYSOCOCCYX CUPREUS
4.0,train/AFRICAN EMERALD CUCKOO/107.jpg,AFRICAN EMERALD CUCKOO,train,CHRYSOCOCCYX CUPREUS
4.0,train/AFRICAN EMERALD CUCKOO/112.jpg,AFRICAN EMERALD CUCKOO,train,CHRYSOCOCCYX CUPREUS
4.0,train/AFRICAN EMERALD CUCKOO/099.jpg,AFRICAN EMERALD CUCKOO,train,CHRYSOCOCCYX CUPREUS
4.0,train/AFRICAN EMERALD CUCKOO/103.jpg,AFRICAN EMERALD CUCKOO,train,CHRYSOCOCCYX CUPREUS
4.0,train/AFRICAN EMERALD CUCKOO/102.jpg,AFRICAN EMERALD CUCKOO,train,CHRYSOCOCCYX CUPREUS
4.0,train/AFRICAN EMERALD CUCKOO/100.jpg,AFRICAN EMERALD CUCKOO,train,CHRYSOCOCCYX CUPREUS
4.0,train/AFRICAN EMERALD CUCKOO/087.jpg,AFRICAN EMERALD CUCKOO,train,CHRYSOCOCCYX CUPREUS
4.0,train/AFRICAN EMERALD CUCKOO/113.jpg,AFRICAN EMERALD CUCKOO,train,CHRYSOCOCCYX CUPREUS
4.0,train/AFRICAN EMERALD CUCKOO/143.jpg,AFRICAN EMERALD CUCKOO,train,CHRYSOCOCCYX CUPREUS
4.0,train/AFRICAN EMERALD CUCKOO/154.jpg,AFRICAN EMERALD CUCKOO,train,CHRYSOCOCCYX CUPREUS
4.0,train/AFRICAN EMERALD CUCKOO/149.jpg,AFRICAN EMERALD CUCKOO,train,CHRYSOCOCCYX CUPREUS
4.0,train/AFRICAN EMERALD CUCKOO/124.jpg,AFRICAN EMERALD CUCKOO,train,CHRYSOCOCCYX CUPREUS
4.0,train/AFRICAN EMERALD CUCKOO/125.jpg,AFRICAN EMERALD CUCKOO,train,CHRYSOCOCCYX CUPREUS
4.0,train/AFRICAN EMERALD CUCKOO/136.jpg,AFRICAN EMERALD CUCKOO,train,CHRYSOCOCCYX CUPREUS
4.0,train/AFRICAN EMERALD CUCKOO/132.jpg,AFRICAN EMERALD CUCKOO,train,CHRYSOCOCCYX CUPREUS
4.0,train/AFRICAN EMERALD CUCKOO/134.jpg,AFRICAN EMERALD CUCKOO,train,CHRYSOCOCCYX CUPREUS
4.0,train/AFRICAN EMERALD CUCKOO/119.jpg,AFRICAN EMERALD CUCKOO,train,CHRYSOCOCCYX CUPREUS
4.0,train/AFRICAN EMERALD CUCKOO/120.jpg,AFRICAN EMERALD CUCKOO,train,CHRYSOCOCCYX CUPREUS
4.0,train/AFRICAN EMERALD CUCKOO/126.jpg,AFRICAN EMERALD CUCKOO,train,CHRYSOCOCCYX CUPREUS
4.0,train/AFRICAN EMERALD CUCKOO/133.jpg,AFRICAN EMERALD CUCKOO,train,CHRYSOCOCCYX CUPREUS
4.0,train/AFRICAN EMERALD CUCKOO/118.jpg,AFRICAN EMERALD CUCKOO,train,CHRYSOCOCCYX CUPREUS
4.0,train/AFRICAN EMERALD CUCKOO/139.jpg,AFRICAN EMERALD CUCKOO,train,CHRYSOCOCCYX CUPREUS
4.0,train/AFRICAN EMERALD CUCKOO/141.jpg,AFRICAN EMERALD CUCKOO,train,CHRYSOCOCCYX CUPREUS
4.0,train/AFRICAN EMERALD CUCKOO/144.jpg,AFRICAN EMERALD CUCKOO,train,CHRYSOCOCCYX CUPREUS
4.0,train/AFRICAN EMERALD CUCKOO/122.jpg,AFRICAN EMERALD CUCKOO,train,CHRYSOCOCCYX CUPREUS
4.0,train/AFRICAN EMERALD CUCKOO/146.jpg,AFRICAN EMERALD CUCKOO,train,CHRYSOCOCCYX CUPREUS
4.0,train/AFRICAN EMERALD CUCKOO/123.jpg,AFRICAN EMERALD CUCKOO,train,CHRYSOCOCCYX CUPREUS
4.0,train/AFRICAN EMERALD CUCKOO/135.jpg,AFRICAN EMERALD CUCKOO,train,CHRYSOCOCCYX CUPREUS
4.0,train/AFRICAN EMERALD CUCKOO/121.jpg,AFRICAN EMERALD CUCKOO,train,CHRYSOCOCCYX CUPREUS
4.0,train/AFRICAN EMERALD CUCKOO/150.jpg,AFRICAN EMERALD CUCKOO,train,CHRYSOCOCCYX CUPREUS
4.0,train/AFRICAN EMERALD CUCKOO/116.jpg,AFRICAN EMERALD CUCKOO,train,CHRYSOCOCCYX CUPREUS
4.0,train/AFRICAN EMERALD CUCKOO/079.jpg,AFRICAN EMERALD CUCKOO,train,CHRYSOCOCCYX CUPREUS
4.0,train/AFRICAN EMERALD CUCKOO/105.jpg,AFRICAN EMERALD CUCKOO,train,CHRYSOCOCCYX CUPREUS
4.0,train/AFRICAN EMERALD CUCKOO/127.jpg,AFRICAN EMERALD CUCKOO,train,CHRYSOCOCCYX CUPREUS
4.0,train/AFRICAN EMERALD CUCKOO/145.jpg,AFRICAN EMERALD CUCKOO,train,CHRYSOCOCCYX CUPREUS
4.0,train/AFRICAN EMERALD CUCKOO/106.jpg,AFRICAN EMERALD CUCKOO,train,CHRYSOCOCCYX CUPREUS
4.0,train/AFRICAN EMERALD CUCKOO/128.jpg,AFRICAN EMERALD CUCKOO,train,CHRYSOCOCCYX CUPREUS
4.0,train/AFRICAN EMERALD CUCKOO/142.jpg,AFRICAN EMERALD CUCKOO,train,CHRYSOCOCCYX CUPREUS
4.0,train/AFRICAN EMERALD CUCKOO/129.jpg,AFRICAN EMERALD CUCKOO,train,CHRYSOCOCCYX CUPREUS
4.0,train/AFRICAN EMERALD CUCKOO/147.jpg,AFRICAN EMERALD CUCKOO,train,CHRYSOCOCCYX CUPREUS
4.0,train/AFRICAN EMERALD CUCKOO/148.jpg,AFRICAN EMERALD CUCKOO,train,CHRYSOCOCCYX CUPREUS
4.0,train/AFRICAN EMERALD CUCKOO/130.jpg,AFRICAN EMERALD CUCKOO,train,CHRYSOCOCCYX CUPREUS
4.0,train/AFRICAN EMERALD CUCKOO/138.jpg,AFRICAN EMERALD CUCKOO,train,CHRYSOCOCCYX CUPREUS
4.0,train/AFRICAN EMERALD CUCKOO/117.jpg,AFRICAN EMERALD CUCKOO,train,CHRYSOCOCCYX CUPREUS
4.0,train/AFRICAN EMERALD CUCKOO/153.jpg,AFRICAN EMERALD CUCKOO,train,CHRYSOCOCCYX CUPREUS
4.0,train/AFRICAN EMERALD CUCKOO/152.jpg,AFRICAN EMERALD CUCKOO,train,CHRYSOCOCCYX CUPREUS
4.0,train/AFRICAN EMERALD CUCKOO/137.jpg,AFRICAN EMERALD CUCKOO,train,CHRYSOCOCCYX CUPREUS
5.0,train/AFRICAN FIREFINCH/027.jpg,AFRICAN FIREFINCH,train,LAGONOSTICTA RUBRICATA
5.0,train/AFRICAN FIREFINCH/002.jpg,AFRICAN FIREFINCH,train,LAGONOSTICTA RUBRICATA
5.0,train/AFRICAN FIREFINCH/003.jpg,AFRICAN FIREFINCH,train,LAGONOSTICTA RUBRICATA
5.0,train/AFRICAN FIREFINCH/004.jpg,AFRICAN FIREFINCH,train,LAGONOSTICTA RUBRICATA
5.0,train/AFRICAN FIREFINCH/005.jpg,AFRICAN FIREFINCH,train,LAGONOSTICTA RUBRICATA
5.0,train/AFRICAN FIREFINCH/006.jpg,AFRICAN FIREFINCH,train,LAGONOSTICTA RUBRICATA
5.0,train/AFRICAN FIREFINCH/007.jpg,AFRICAN FIREFINCH,train,LAGONOSTICTA RUBRICATA
5.0,train/AFRICAN FIREFINCH/008.jpg,AFRICAN FIREFINCH,train,LAGONOSTICTA RUBRICATA
5.0,train/AFRICAN FIREFINCH/009.jpg,AFRICAN FIREFINCH,train,LAGONOSTICTA RUBRICATA
5.0,train/AFRICAN FIREFINCH/010.jpg,AFRICAN FIREFINCH,train,LAGONOSTICTA RUBRICATA
5.0,train/AFRICAN FIREFINCH/033.jpg,AFRICAN FIREFINCH,train,LAGONOSTICTA RUBRICATA
5.0,train/AFRICAN FIREFINCH/016.jpg,AFRICAN FIREFINCH,train,LAGONOSTICTA RUBRICATA
5.0,train/AFRICAN FIREFINCH/023.jpg,AFRICAN FIREFINCH,train,LAGONOSTICTA RUBRICATA
5.0,train/AFRICAN FIREFINCH/022.jpg,AFRICAN FIREFINCH,train,LAGONOSTICTA RUBRICATA
5.0,train/AFRICAN FIREFINCH/014.jpg,AFRICAN FIREFINCH,train,LAGONOSTICTA RUBRICATA
5.0,train/AFRICAN FIREFINCH/021.jpg,AFRICAN FIREFINCH,train,LAGONOSTICTA RUBRICATA
5.0,train/AFRICAN FIREFINCH/017.jpg,AFRICAN FIREFINCH,train,LAGONOSTICTA RUBRICATA
5.0,train/AFRICAN FIREFINCH/031.jpg,AFRICAN FIREFINCH,train,LAGONOSTICTA RUBRICATA
5.0,train/AFRICAN FIREFINCH/048.jpg,AFRICAN FIREFINCH,train,LAGONOSTICTA RUBRICATA
5.0,train/AFRICAN FIREFINCH/047.jpg,AFRICAN FIREFINCH,train,LAGONOSTICTA RUBRICATA
5.0,train/AFRICAN FIREFINCH/034.jpg,AFRICAN FIREFINCH,train,LAGONOSTICTA RUBRICATA
5.0,train/AFRICAN FIREFINCH/030.jpg,AFRICAN FIREFINCH,train,LAGONOSTICTA RUBRICATA
5.0,train/AFRICAN FIREFINCH/029.jpg,AFRICAN FIREFINCH,train,LAGONOSTICTA RUBRICATA
5.0,train/AFRICAN FIREFINCH/001.jpg,AFRICAN FIREFINCH,train,LAGONOSTICTA RUBRICATA
5.0,train/AFRICAN FIREFINCH/012.jpg,AFRICAN FIREFINCH,train,LAGONOSTICTA RUBRICATA
5.0,train/AFRICAN FIREFINCH/013.jpg,AFRICAN FIREFINCH,train,LAGONOSTICTA RUBRICATA
5.0,train/AFRICAN FIREFINCH/020.jpg,AFRICAN FIREFINCH,train,LAGONOSTICTA RUBRICATA
5.0,train/AFRICAN FIREFINCH/019.jpg,AFRICAN FIREFINCH,train,LAGONOSTICTA RUBRICATA
5.0,train/AFRICAN FIREFINCH/042.jpg,AFRICAN FIREFINCH,train,LAGONOSTICTA RUBRICATA
5.0,train/AFRICAN FIREFINCH/041.jpg,AFRICAN FIREFINCH,train,LAGONOSTICTA RUBRICATA
5.0,train/AFRICAN FIREFINCH/018.jpg,AFRICAN FIREFINCH,train,LAGONOSTICTA RUBRICATA
5.0,train/AFRICAN FIREFINCH/011.jpg,AFRICAN FIREFINCH,train,LAGONOSTICTA RUBRICATA
5.0,train/AFRICAN FIREFINCH/028.jpg,AFRICAN FIREFINCH,train,LAGONOSTICTA RUBRICATA
5.0,train/AFRICAN FIREFINCH/040.jpg,AFRICAN FIREFINCH,train,LAGONOSTICTA RUBRICATA
5.0,train/AFRICAN FIREFINCH/035.jpg,AFRICAN FIREFINCH,train,LAGONOSTICTA RUBRICATA
5.0,train/AFRICAN FIREFINCH/015.jpg,AFRICAN FIREFINCH,train,LAGONOSTICTA RUBRICATA
5.0,train/AFRICAN FIREFINCH/045.jpg,AFRICAN FIREFINCH,train,LAGONOSTICTA RUBRICATA
5.0,train/AFRICAN FIREFINCH/032.jpg,AFRICAN FIREFINCH,train,LAGONOSTICTA RUBRICATA
5.0,train/AFRICAN FIREFINCH/059.jpg,AFRICAN FIREFINCH,train,LAGONOSTICTA RUBRICATA
5.0,train/AFRICAN FIREFINCH/051.jpg,AFRICAN FIREFINCH,train,LAGONOSTICTA RUBRICATA
5.0,train/AFRICAN FIREFINCH/050.jpg,AFRICAN FIREFINCH,train,LAGONOSTICTA RUBRICATA
5.0,train/AFRICAN FIREFINCH/049.jpg,AFRICAN FIREFINCH,train,LAGONOSTICTA RUBRICATA
5.0,train/AFRICAN FIREFINCH/046.jpg,AFRICAN FIREFINCH,train,LAGONOSTICTA RUBRICATA
5.0,train/AFRICAN FIREFINCH/044.jpg,AFRICAN FIREFINCH,train,LAGONOSTICTA RUBRICATA
5.0,train/AFRICAN FIREFINCH/037.jpg,AFRICAN FIREFINCH,train,LAGONOSTICTA RUBRICATA
5.0,train/AFRICAN FIREFINCH/043.jpg,AFRICAN FIREFINCH,train,LAGONOSTICTA RUBRICATA
5.0,train/AFRICAN FIREFINCH/039.jpg,AFRICAN FIREFINCH,train,LAGONOSTICTA RUBRICATA
5.0,train/AFRICAN FIREFINCH/038.jpg,AFRICAN FIREFINCH,train,LAGONOSTICTA RUBRICATA
5.0,train/AFRICAN FIREFINCH/052.jpg,AFRICAN FIREFINCH,train,LAGONOSTICTA RUBRICATA
5.0,train/AFRICAN FIREFINCH/036.jpg,AFRICAN FIREFINCH,train,LAGONOSTICTA RUBRICATA
5.0,train/AFRICAN FIREFINCH/025.jpg,AFRICAN FIREFINCH,train,LAGONOSTICTA RUBRICATA
5.0,train/AFRICAN FIREFINCH/026.jpg,AFRICAN FIREFINCH,train,LAGONOSTICTA RUBRICATA
5.0,train/AFRICAN FIREFINCH/062.jpg,AFRICAN FIREFINCH,train,LAGONOSTICTA RUBRICATA
5.0,train/AFRICAN FIREFINCH/061.jpg,AFRICAN FIREFINCH,train,LAGONOSTICTA RUBRICATA
5.0,train/AFRICAN FIREFINCH/067.jpg,AFRICAN FIREFINCH,train,LAGONOSTICTA RUBRICATA
5.0,train/AFRICAN FIREFINCH/066.jpg,AFRICAN FIREFINCH,train,LAGONOSTICTA RUBRICATA
5.0,train/AFRICAN FIREFINCH/065.jpg,AFRICAN FIREFINCH,train,LAGONOSTICTA RUBRICATA
5.0,train/AFRICAN FIREFINCH/064.jpg,AFRICAN FIREFINCH,train,LAGONOSTICTA RUBRICATA
5.0,train/AFRICAN FIREFINCH/024.jpg,AFRICAN FIREFINCH,train,LAGONOSTICTA RUBRICATA
5.0,train/AFRICAN FIREFINCH/063.jpg,AFRICAN FIREFINCH,train,LAGONOSTICTA RUBRICATA
5.0,train/AFRICAN FIREFINCH/056.jpg,AFRICAN FIREFINCH,train,LAGONOSTICTA RUBRICATA
5.0,train/AFRICAN FIREFINCH/055.jpg,AFRICAN FIREFINCH,train,LAGONOSTICTA RUBRICATA
5.0,train/AFRICAN FIREFINCH/054.jpg,AFRICAN FIREFINCH,train,LAGONOSTICTA RUBRICATA
5.0,train/AFRICAN FIREFINCH/053.jpg,AFRICAN FIREFINCH,train,LAGONOSTICTA RUBRICATA
5.0,train/AFRICAN FIREFINCH/060.jpg,AFRICAN FIREFINCH,train,LAGONOSTICTA RUBRICATA
5.0,train/AFRICAN FIREFINCH/058.jpg,AFRICAN FIREFINCH,train,LAGONOSTICTA RUBRICATA
5.0,train/AFRICAN FIREFINCH/057.jpg,AFRICAN FIREFINCH,train,LAGONOSTICTA RUBRICATA
5.0,train/AFRICAN FIREFINCH/068.jpg,AFRICAN FIREFINCH,train,LAGONOSTICTA RUBRICATA
5.0,train/AFRICAN FIREFINCH/069.jpg,AFRICAN FIREFINCH,train,LAGONOSTICTA RUBRICATA
5.0,train/AFRICAN FIREFINCH/070.jpg,AFRICAN FIREFINCH,train,LAGONOSTICTA RUBRICATA
5.0,train/AFRICAN FIREFINCH/098.jpg,AFRICAN FIREFINCH,train,LAGONOSTICTA RUBRICATA
5.0,train/AFRICAN FIREFINCH/085.jpg,AFRICAN FIREFINCH,train,LAGONOSTICTA RUBRICATA
5.0,train/AFRICAN FIREFINCH/127.jpg,AFRICAN FIREFINCH,train,LAGONOSTICTA RUBRICATA
5.0,train/AFRICAN FIREFINCH/122.jpg,AFRICAN FIREFINCH,train,LAGONOSTICTA RUBRICATA
5.0,train/AFRICAN FIREFINCH/084.jpg,AFRICAN FIREFINCH,train,LAGONOSTICTA RUBRICATA
5.0,train/AFRICAN FIREFINCH/083.jpg,AFRICAN FIREFINCH,train,LAGONOSTICTA RUBRICATA
5.0,train/AFRICAN FIREFINCH/100.jpg,AFRICAN FIREFINCH,train,LAGONOSTICTA RUBRICATA
5.0,train/AFRICAN FIREFINCH/099.jpg,AFRICAN FIREFINCH,train,LAGONOSTICTA RUBRICATA
5.0,train/AFRICAN FIREFINCH/088.jpg,AFRICAN FIREFINCH,train,LAGONOSTICTA RUBRICATA
5.0,train/AFRICAN FIREFINCH/074.jpg,AFRICAN FIREFINCH,train,LAGONOSTICTA RUBRICATA
5.0,train/AFRICAN FIREFINCH/073.jpg,AFRICAN FIREFINCH,train,LAGONOSTICTA RUBRICATA
5.0,train/AFRICAN FIREFINCH/103.jpg,AFRICAN FIREFINCH,train,LAGONOSTICTA RUBRICATA
5.0,train/AFRICAN FIREFINCH/132.jpg,AFRICAN FIREFINCH,train,LAGONOSTICTA RUBRICATA
5.0,train/AFRICAN FIREFINCH/133.jpg,AFRICAN FIREFINCH,train,LAGONOSTICTA RUBRICATA
5.0,train/AFRICAN FIREFINCH/072.jpg,AFRICAN FIREFINCH,train,LAGONOSTICTA RUBRICATA
5.0,train/AFRICAN FIREFINCH/086.jpg,AFRICAN FIREFINCH,train,LAGONOSTICTA RUBRICATA
5.0,train/AFRICAN FIREFINCH/101.jpg,AFRICAN FIREFINCH,train,LAGONOSTICTA RUBRICATA
5.0,train/AFRICAN FIREFINCH/076.jpg,AFRICAN FIREFINCH,train,LAGONOSTICTA RUBRICATA
5.0,train/AFRICAN FIREFINCH/089.jpg,AFRICAN FIREFINCH,train,LAGONOSTICTA RUBRICATA
5.0,train/AFRICAN FIREFINCH/090.jpg,AFRICAN FIREFINCH,train,LAGONOSTICTA RUBRICATA
5.0,train/AFRICAN FIREFINCH/091.jpg,AFRICAN FIREFINCH,train,LAGONOSTICTA RUBRICATA
5.0,train/AFRICAN FIREFINCH/092.jpg,AFRICAN FIREFINCH,train,LAGONOSTICTA RUBRICATA
5.0,train/AFRICAN FIREFINCH/093.jpg,AFRICAN FIREFINCH,train,LAGONOSTICTA RUBRICATA
5.0,train/AFRICAN FIREFINCH/075.jpg,AFRICAN FIREFINCH,train,LAGONOSTICTA RUBRICATA
5.0,train/AFRICAN FIREFINCH/095.jpg,AFRICAN FIREFINCH,train,LAGONOSTICTA RUBRICATA
5.0,train/AFRICAN FIREFINCH/096.jpg,AFRICAN FIREFINCH,train,LAGONOSTICTA RUBRICATA
5.0,train/AFRICAN FIREFINCH/097.jpg,AFRICAN FIREFINCH,train,LAGONOSTICTA RUBRICATA
5.0,train/AFRICAN FIREFINCH/094.jpg,AFRICAN FIREFINCH,train,LAGONOSTICTA RUBRICATA
5.0,train/AFRICAN FIREFINCH/104.jpg,AFRICAN FIREFINCH,train,LAGONOSTICTA RUBRICATA
5.0,train/AFRICAN FIREFINCH/080.jpg,AFRICAN FIREFINCH,train,LAGONOSTICTA RUBRICATA
5.0,train/AFRICAN FIREFINCH/081.jpg,AFRICAN FIREFINCH,train,LAGONOSTICTA RUBRICATA
5.0,train/AFRICAN FIREFINCH/102.jpg,AFRICAN FIREFINCH,train,LAGONOSTICTA RUBRICATA
5.0,train/AFRICAN FIREFINCH/126.jpg,AFRICAN FIREFINCH,train,LAGONOSTICTA RUBRICATA
5.0,train/AFRICAN FIREFINCH/082.jpg,AFRICAN FIREFINCH,train,LAGONOSTICTA RUBRICATA
5.0,train/AFRICAN FIREFINCH/087.jpg,AFRICAN FIREFINCH,train,LAGONOSTICTA RUBRICATA
5.0,train/AFRICAN FIREFINCH/106.jpg,AFRICAN FIREFINCH,train,LAGONOSTICTA RUBRICATA
5.0,train/AFRICAN FIREFINCH/116.jpg,AFRICAN FIREFINCH,train,LAGONOSTICTA RUBRICATA
5.0,train/AFRICAN FIREFINCH/115.jpg,AFRICAN FIREFINCH,train,LAGONOSTICTA RUBRICATA
5.0,train/AFRICAN FIREFINCH/114.jpg,AFRICAN FIREFINCH,train,LAGONOSTICTA RUBRICATA
5.0,train/AFRICAN FIREFINCH/120.jpg,AFRICAN FIREFINCH,train,LAGONOSTICTA RUBRICATA
5.0,train/AFRICAN FIREFINCH/119.jpg,AFRICAN FIREFINCH,train,LAGONOSTICTA RUBRICATA
5.0,train/AFRICAN FIREFINCH/118.jpg,AFRICAN FIREFINCH,train,LAGONOSTICTA RUBRICATA
5.0,train/AFRICAN FIREFINCH/117.jpg,AFRICAN FIREFINCH,train,LAGONOSTICTA RUBRICATA
5.0,train/AFRICAN FIREFINCH/111.jpg,AFRICAN FIREFINCH,train,LAGONOSTICTA RUBRICATA
5.0,train/AFRICAN FIREFINCH/110.jpg,AFRICAN FIREFINCH,train,LAGONOSTICTA RUBRICATA
5.0,train/AFRICAN FIREFINCH/109.jpg,AFRICAN FIREFINCH,train,LAGONOSTICTA RUBRICATA
5.0,train/AFRICAN FIREFINCH/108.jpg,AFRICAN FIREFINCH,train,LAGONOSTICTA RUBRICATA
5.0,train/AFRICAN FIREFINCH/107.jpg,AFRICAN FIREFINCH,train,LAGONOSTICTA RUBRICATA
5.0,train/AFRICAN FIREFINCH/113.jpg,AFRICAN FIREFINCH,train,LAGONOSTICTA RUBRICATA
5.0,train/AFRICAN FIREFINCH/112.jpg,AFRICAN FIREFINCH,train,LAGONOSTICTA RUBRICATA
5.0,train/AFRICAN FIREFINCH/079.jpg,AFRICAN FIREFINCH,train,LAGONOSTICTA RUBRICATA
5.0,train/AFRICAN FIREFINCH/134.jpg,AFRICAN FIREFINCH,train,LAGONOSTICTA RUBRICATA
5.0,train/AFRICAN FIREFINCH/077.jpg,AFRICAN FIREFINCH,train,LAGONOSTICTA RUBRICATA
5.0,train/AFRICAN FIREFINCH/071.jpg,AFRICAN FIREFINCH,train,LAGONOSTICTA RUBRICATA
5.0,train/AFRICAN FIREFINCH/121.jpg,AFRICAN FIREFINCH,train,LAGONOSTICTA RUBRICATA
5.0,train/AFRICAN FIREFINCH/136.jpg,AFRICAN FIREFINCH,train,LAGONOSTICTA RUBRICATA
5.0,train/AFRICAN FIREFINCH/135.jpg,AFRICAN FIREFINCH,train,LAGONOSTICTA RUBRICATA
5.0,train/AFRICAN FIREFINCH/131.jpg,AFRICAN FIREFINCH,train,LAGONOSTICTA RUBRICATA
5.0,train/AFRICAN FIREFINCH/137.jpg,AFRICAN FIREFINCH,train,LAGONOSTICTA RUBRICATA
5.0,train/AFRICAN FIREFINCH/130.jpg,AFRICAN FIREFINCH,train,LAGONOSTICTA RUBRICATA
5.0,train/AFRICAN FIREFINCH/128.jpg,AFRICAN FIREFINCH,train,LAGONOSTICTA RUBRICATA
5.0,train/AFRICAN FIREFINCH/125.jpg,AFRICAN FIREFINCH,train,LAGONOSTICTA RUBRICATA
5.0,train/AFRICAN FIREFINCH/124.jpg,AFRICAN FIREFINCH,train,LAGONOSTICTA RUBRICATA
5.0,train/AFRICAN FIREFINCH/123.jpg,AFRICAN FIREFINCH,train,LAGONOSTICTA RUBRICATA
5.0,train/AFRICAN FIREFINCH/105.jpg,AFRICAN FIREFINCH,train,LAGONOSTICTA RUBRICATA
5.0,train/AFRICAN FIREFINCH/078.jpg,AFRICAN FIREFINCH,train,LAGONOSTICTA RUBRICATA
5.0,train/AFRICAN FIREFINCH/129.jpg,AFRICAN FIREFINCH,train,LAGONOSTICTA RUBRICATA
6.0,train/AFRICAN OYSTER CATCHER/006.jpg,AFRICAN OYSTER CATCHER,train,HAEMATOPUS MOQUINI
6.0,train/AFRICAN OYSTER CATCHER/108.jpg,AFRICAN OYSTER CATCHER,train,HAEMATOPUS MOQUINI
6.0,train/AFRICAN OYSTER CATCHER/003.jpg,AFRICAN OYSTER CATCHER,train,HAEMATOPUS MOQUINI
6.0,train/AFRICAN OYSTER CATCHER/113.jpg,AFRICAN OYSTER CATCHER,train,HAEMATOPUS MOQUINI
6.0,train/AFRICAN OYSTER CATCHER/001.jpg,AFRICAN OYSTER CATCHER,train,HAEMATOPUS MOQUINI
6.0,train/AFRICAN OYSTER CATCHER/005.jpg,AFRICAN OYSTER CATCHER,train,HAEMATOPUS MOQUINI
6.0,train/AFRICAN OYSTER CATCHER/109.jpg,AFRICAN OYSTER CATCHER,train,HAEMATOPUS MOQUINI
6.0,train/AFRICAN OYSTER CATCHER/032.jpg,AFRICAN OYSTER CATCHER,train,HAEMATOPUS MOQUINI
6.0,train/AFRICAN OYSTER CATCHER/055.jpg,AFRICAN OYSTER CATCHER,train,HAEMATOPUS MOQUINI
6.0,train/AFRICAN OYSTER CATCHER/011.jpg,AFRICAN OYSTER CATCHER,train,HAEMATOPUS MOQUINI
6.0,train/AFRICAN OYSTER CATCHER/044.jpg,AFRICAN OYSTER CATCHER,train,HAEMATOPUS MOQUINI
6.0,train/AFRICAN OYSTER CATCHER/056.jpg,AFRICAN OYSTER CATCHER,train,HAEMATOPUS MOQUINI
6.0,train/AFRICAN OYSTER CATCHER/047.jpg,AFRICAN OYSTER CATCHER,train,HAEMATOPUS MOQUINI
6.0,train/AFRICAN OYSTER CATCHER/048.jpg,AFRICAN OYSTER CATCHER,train,HAEMATOPUS MOQUINI
6.0,train/AFRICAN OYSTER CATCHER/112.jpg,AFRICAN OYSTER CATCHER,train,HAEMATOPUS MOQUINI
6.0,train/AFRICAN OYSTER CATCHER/077.jpg,AFRICAN OYSTER CATCHER,train,HAEMATOPUS MOQUINI
6.0,train/AFRICAN OYSTER CATCHER/017.jpg,AFRICAN OYSTER CATCHER,train,HAEMATOPUS MOQUINI
6.0,train/AFRICAN OYSTER CATCHER/026.jpg,AFRICAN OYSTER CATCHER,train,HAEMATOPUS MOQUINI
6.0,train/AFRICAN OYSTER CATCHER/019.jpg,AFRICAN OYSTER CATCHER,train,HAEMATOPUS MOQUINI
6.0,train/AFRICAN OYSTER CATCHER/031.jpg,AFRICAN OYSTER CATCHER,train,HAEMATOPUS MOQUINI
6.0,train/AFRICAN OYSTER CATCHER/021.jpg,AFRICAN OYSTER CATCHER,train,HAEMATOPUS MOQUINI
6.0,train/AFRICAN OYSTER CATCHER/027.jpg,AFRICAN OYSTER CATCHER,train,HAEMATOPUS MOQUINI
6.0,train/AFRICAN OYSTER CATCHER/018.jpg,AFRICAN OYSTER CATCHER,train,HAEMATOPUS MOQUINI
6.0,train/AFRICAN OYSTER CATCHER/022.jpg,AFRICAN OYSTER CATCHER,train,HAEMATOPUS MOQUINI
6.0,train/AFRICAN OYSTER CATCHER/023.jpg,AFRICAN OYSTER CATCHER,train,HAEMATOPUS MOQUINI
6.0,train/AFRICAN OYSTER CATCHER/024.jpg,AFRICAN OYSTER CATCHER,train,HAEMATOPUS MOQUINI
6.0,train/AFRICAN OYSTER CATCHER/025.jpg,AFRICAN OYSTER CATCHER,train,HAEMATOPUS MOQUINI
6.0,train/AFRICAN OYSTER CATCHER/028.jpg,AFRICAN OYSTER CATCHER,train,HAEMATOPUS MOQUINI
6.0,train/AFRICAN OYSTER CATCHER/034.jpg,AFRICAN OYSTER CATCHER,train,HAEMATOPUS MOQUINI
6.0,train/AFRICAN OYSTER CATCHER/035.jpg,AFRICAN OYSTER CATCHER,train,HAEMATOPUS MOQUINI
6.0,train/AFRICAN OYSTER CATCHER/020.jpg,AFRICAN OYSTER CATCHER,train,HAEMATOPUS MOQUINI
6.0,train/AFRICAN OYSTER CATCHER/008.jpg,AFRICAN OYSTER CATCHER,train,HAEMATOPUS MOQUINI
6.0,train/AFRICAN OYSTER CATCHER/036.jpg,AFRICAN OYSTER CATCHER,train,HAEMATOPUS MOQUINI
6.0,train/AFRICAN OYSTER CATCHER/029.jpg,AFRICAN OYSTER CATCHER,train,HAEMATOPUS MOQUINI
6.0,train/AFRICAN OYSTER CATCHER/030.jpg,AFRICAN OYSTER CATCHER,train,HAEMATOPUS MOQUINI
6.0,train/AFRICAN OYSTER CATCHER/033.jpg,AFRICAN OYSTER CATCHER,train,HAEMATOPUS MOQUINI
6.0,train/AFRICAN OYSTER CATCHER/037.jpg,AFRICAN OYSTER CATCHER,train,HAEMATOPUS MOQUINI
6.0,train/AFRICAN OYSTER CATCHER/075.jpg,AFRICAN OYSTER CATCHER,train,HAEMATOPUS MOQUINI
6.0,train/AFRICAN OYSTER CATCHER/039.jpg,AFRICAN OYSTER CATCHER,train,HAEMATOPUS MOQUINI
6.0,train/AFRICAN OYSTER CATCHER/004.jpg,AFRICAN OYSTER CATCHER,train,HAEMATOPUS MOQUINI
6.0,train/AFRICAN OYSTER CATCHER/002.jpg,AFRICAN OYSTER CATCHER,train,HAEMATOPUS MOQUINI
6.0,train/AFRICAN OYSTER CATCHER/007.jpg,AFRICAN OYSTER CATCHER,train,HAEMATOPUS MOQUINI
6.0,train/AFRICAN OYSTER CATCHER/016.jpg,AFRICAN OYSTER CATCHER,train,HAEMATOPUS MOQUINI
6.0,train/AFRICAN OYSTER CATCHER/057.jpg,AFRICAN OYSTER CATCHER,train,HAEMATOPUS MOQUINI
6.0,train/AFRICAN OYSTER CATCHER/045.jpg,AFRICAN OYSTER CATCHER,train,HAEMATOPUS MOQUINI
6.0,train/AFRICAN OYSTER CATCHER/046.jpg,AFRICAN OYSTER CATCHER,train,HAEMATOPUS MOQUINI
6.0,train/AFRICAN OYSTER CATCHER/041.jpg,AFRICAN OYSTER CATCHER,train,HAEMATOPUS MOQUINI
6.0,train/AFRICAN OYSTER CATCHER/042.jpg,AFRICAN OYSTER CATCHER,train,HAEMATOPUS MOQUINI
6.0,train/AFRICAN OYSTER CATCHER/049.jpg,AFRICAN OYSTER CATCHER,train,HAEMATOPUS MOQUINI
6.0,train/AFRICAN OYSTER CATCHER/050.jpg,AFRICAN OYSTER CATCHER,train,HAEMATOPUS MOQUINI
6.0,train/AFRICAN OYSTER CATCHER/038.jpg,AFRICAN OYSTER CATCHER,train,HAEMATOPUS MOQUINI
6.0,train/AFRICAN OYSTER CATCHER/052.jpg,AFRICAN OYSTER CATCHER,train,HAEMATOPUS MOQUINI
6.0,train/AFRICAN OYSTER CATCHER/053.jpg,AFRICAN OYSTER CATCHER,train,HAEMATOPUS MOQUINI
6.0,train/AFRICAN OYSTER CATCHER/054.jpg,AFRICAN OYSTER CATCHER,train,HAEMATOPUS MOQUINI
6.0,train/AFRICAN OYSTER CATCHER/043.jpg,AFRICAN OYSTER CATCHER,train,HAEMATOPUS MOQUINI
6.0,train/AFRICAN OYSTER CATCHER/040.jpg,AFRICAN OYSTER CATCHER,train,HAEMATOPUS MOQUINI
6.0,train/AFRICAN OYSTER CATCHER/015.jpg,AFRICAN OYSTER CATCHER,train,HAEMATOPUS MOQUINI
6.0,train/AFRICAN OYSTER CATCHER/067.jpg,AFRICAN OYSTER CATCHER,train,HAEMATOPUS MOQUINI
6.0,train/AFRICAN OYSTER CATCHER/068.jpg,AFRICAN OYSTER CATCHER,train,HAEMATOPUS MOQUINI
6.0,train/AFRICAN OYSTER CATCHER/060.jpg,AFRICAN OYSTER CATCHER,train,HAEMATOPUS MOQUINI
6.0,train/AFRICAN OYSTER CATCHER/061.jpg,AFRICAN OYSTER CATCHER,train,HAEMATOPUS MOQUINI
6.0,train/AFRICAN OYSTER CATCHER/062.jpg,AFRICAN OYSTER CATCHER,train,HAEMATOPUS MOQUINI
6.0,train/AFRICAN OYSTER CATCHER/063.jpg,AFRICAN OYSTER CATCHER,train,HAEMATOPUS MOQUINI
6.0,train/AFRICAN OYSTER CATCHER/064.jpg,AFRICAN OYSTER CATCHER,train,HAEMATOPUS MOQUINI
6.0,train/AFRICAN OYSTER CATCHER/065.jpg,AFRICAN OYSTER CATCHER,train,HAEMATOPUS MOQUINI
6.0,train/AFRICAN OYSTER CATCHER/066.jpg,AFRICAN OYSTER CATCHER,train,HAEMATOPUS MOQUINI
6.0,train/AFRICAN OYSTER CATCHER/076.jpg,AFRICAN OYSTER CATCHER,train,HAEMATOPUS MOQUINI
6.0,train/AFRICAN OYSTER CATCHER/059.jpg,AFRICAN OYSTER CATCHER,train,HAEMATOPUS MOQUINI
6.0,train/AFRICAN OYSTER CATCHER/069.jpg,AFRICAN OYSTER CATCHER,train,HAEMATOPUS MOQUINI
6.0,train/AFRICAN OYSTER CATCHER/070.jpg,AFRICAN OYSTER CATCHER,train,HAEMATOPUS MOQUINI
6.0,train/AFRICAN OYSTER CATCHER/071.jpg,AFRICAN OYSTER CATCHER,train,HAEMATOPUS MOQUINI
6.0,train/AFRICAN OYSTER CATCHER/072.jpg,AFRICAN OYSTER CATCHER,train,HAEMATOPUS MOQUINI
6.0,train/AFRICAN OYSTER CATCHER/073.jpg,AFRICAN OYSTER CATCHER,train,HAEMATOPUS MOQUINI
6.0,train/AFRICAN OYSTER CATCHER/074.jpg,AFRICAN OYSTER CATCHER,train,HAEMATOPUS MOQUINI
6.0,train/AFRICAN OYSTER CATCHER/058.jpg,AFRICAN OYSTER CATCHER,train,HAEMATOPUS MOQUINI
6.0,train/AFRICAN OYSTER CATCHER/051.jpg,AFRICAN OYSTER CATCHER,train,HAEMATOPUS MOQUINI
6.0,train/AFRICAN OYSTER CATCHER/111.jpg,AFRICAN OYSTER CATCHER,train,HAEMATOPUS MOQUINI
6.0,train/AFRICAN OYSTER CATCHER/012.jpg,AFRICAN OYSTER CATCHER,train,HAEMATOPUS MOQUINI
6.0,train/AFRICAN OYSTER CATCHER/150.jpg,AFRICAN OYSTER CATCHER,train,HAEMATOPUS MOQUINI
6.0,train/AFRICAN OYSTER CATCHER/080.jpg,AFRICAN OYSTER CATCHER,train,HAEMATOPUS MOQUINI
6.0,train/AFRICAN OYSTER CATCHER/086.jpg,AFRICAN OYSTER CATCHER,train,HAEMATOPUS MOQUINI
6.0,train/AFRICAN OYSTER CATCHER/097.jpg,AFRICAN OYSTER CATCHER,train,HAEMATOPUS MOQUINI
6.0,train/AFRICAN OYSTER CATCHER/081.jpg,AFRICAN OYSTER CATCHER,train,HAEMATOPUS MOQUINI
6.0,train/AFRICAN OYSTER CATCHER/082.jpg,AFRICAN OYSTER CATCHER,train,HAEMATOPUS MOQUINI
6.0,train/AFRICAN OYSTER CATCHER/083.jpg,AFRICAN OYSTER CATCHER,train,HAEMATOPUS MOQUINI
6.0,train/AFRICAN OYSTER CATCHER/084.jpg,AFRICAN OYSTER CATCHER,train,HAEMATOPUS MOQUINI
6.0,train/AFRICAN OYSTER CATCHER/087.jpg,AFRICAN OYSTER CATCHER,train,HAEMATOPUS MOQUINI
6.0,train/AFRICAN OYSTER CATCHER/093.jpg,AFRICAN OYSTER CATCHER,train,HAEMATOPUS MOQUINI
6.0,train/AFRICAN OYSTER CATCHER/094.jpg,AFRICAN OYSTER CATCHER,train,HAEMATOPUS MOQUINI
6.0,train/AFRICAN OYSTER CATCHER/095.jpg,AFRICAN OYSTER CATCHER,train,HAEMATOPUS MOQUINI
6.0,train/AFRICAN OYSTER CATCHER/115.jpg,AFRICAN OYSTER CATCHER,train,HAEMATOPUS MOQUINI
6.0,train/AFRICAN OYSTER CATCHER/106.jpg,AFRICAN OYSTER CATCHER,train,HAEMATOPUS MOQUINI
6.0,train/AFRICAN OYSTER CATCHER/088.jpg,AFRICAN OYSTER CATCHER,train,HAEMATOPUS MOQUINI
6.0,train/AFRICAN OYSTER CATCHER/089.jpg,AFRICAN OYSTER CATCHER,train,HAEMATOPUS MOQUINI
6.0,train/AFRICAN OYSTER CATCHER/090.jpg,AFRICAN OYSTER CATCHER,train,HAEMATOPUS MOQUINI
6.0,train/AFRICAN OYSTER CATCHER/096.jpg,AFRICAN OYSTER CATCHER,train,HAEMATOPUS MOQUINI
6.0,train/AFRICAN OYSTER CATCHER/085.jpg,AFRICAN OYSTER CATCHER,train,HAEMATOPUS MOQUINI
6.0,train/AFRICAN OYSTER CATCHER/098.jpg,AFRICAN OYSTER CATCHER,train,HAEMATOPUS MOQUINI
6.0,train/AFRICAN OYSTER CATCHER/013.jpg,AFRICAN OYSTER CATCHER,train,HAEMATOPUS MOQUINI
6.0,train/AFRICAN OYSTER CATCHER/105.jpg,AFRICAN OYSTER CATCHER,train,HAEMATOPUS MOQUINI
6.0,train/AFRICAN OYSTER CATCHER/010.jpg,AFRICAN OYSTER CATCHER,train,HAEMATOPUS MOQUINI
6.0,train/AFRICAN OYSTER CATCHER/102.jpg,AFRICAN OYSTER CATCHER,train,HAEMATOPUS MOQUINI
6.0,train/AFRICAN OYSTER CATCHER/009.jpg,AFRICAN OYSTER CATCHER,train,HAEMATOPUS MOQUINI
6.0,train/AFRICAN OYSTER CATCHER/100.jpg,AFRICAN OYSTER CATCHER,train,HAEMATOPUS MOQUINI
6.0,train/AFRICAN OYSTER CATCHER/104.jpg,AFRICAN OYSTER CATCHER,train,HAEMATOPUS MOQUINI
6.0,train/AFRICAN OYSTER CATCHER/092.jpg,AFRICAN OYSTER CATCHER,train,HAEMATOPUS MOQUINI
6.0,train/AFRICAN OYSTER CATCHER/078.jpg,AFRICAN OYSTER CATCHER,train,HAEMATOPUS MOQUINI
6.0,train/AFRICAN OYSTER CATCHER/155.jpg,AFRICAN OYSTER CATCHER,train,HAEMATOPUS MOQUINI
6.0,train/AFRICAN OYSTER CATCHER/110.jpg,AFRICAN OYSTER CATCHER,train,HAEMATOPUS MOQUINI
6.0,train/AFRICAN OYSTER CATCHER/147.jpg,AFRICAN OYSTER CATCHER,train,HAEMATOPUS MOQUINI
6.0,train/AFRICAN OYSTER CATCHER/138.jpg,AFRICAN OYSTER CATCHER,train,HAEMATOPUS MOQUINI
6.0,train/AFRICAN OYSTER CATCHER/146.jpg,AFRICAN OYSTER CATCHER,train,HAEMATOPUS MOQUINI
6.0,train/AFRICAN OYSTER CATCHER/154.jpg,AFRICAN OYSTER CATCHER,train,HAEMATOPUS MOQUINI
6.0,train/AFRICAN OYSTER CATCHER/014.jpg,AFRICAN OYSTER CATCHER,train,HAEMATOPUS MOQUINI
6.0,train/AFRICAN OYSTER CATCHER/091.jpg,AFRICAN OYSTER CATCHER,train,HAEMATOPUS MOQUINI
6.0,train/AFRICAN OYSTER CATCHER/116.jpg,AFRICAN OYSTER CATCHER,train,HAEMATOPUS MOQUINI
6.0,train/AFRICAN OYSTER CATCHER/099.jpg,AFRICAN OYSTER CATCHER,train,HAEMATOPUS MOQUINI
6.0,train/AFRICAN OYSTER CATCHER/118.jpg,AFRICAN OYSTER CATCHER,train,HAEMATOPUS MOQUINI
6.0,train/AFRICAN OYSTER CATCHER/119.jpg,AFRICAN OYSTER CATCHER,train,HAEMATOPUS MOQUINI
6.0,train/AFRICAN OYSTER CATCHER/120.jpg,AFRICAN OYSTER CATCHER,train,HAEMATOPUS MOQUINI
6.0,train/AFRICAN OYSTER CATCHER/121.jpg,AFRICAN OYSTER CATCHER,train,HAEMATOPUS MOQUINI
6.0,train/AFRICAN OYSTER CATCHER/122.jpg,AFRICAN OYSTER CATCHER,train,HAEMATOPUS MOQUINI
6.0,train/AFRICAN OYSTER CATCHER/123.jpg,AFRICAN OYSTER CATCHER,train,HAEMATOPUS MOQUINI
6.0,train/AFRICAN OYSTER CATCHER/124.jpg,AFRICAN OYSTER CATCHER,train,HAEMATOPUS MOQUINI
6.0,train/AFRICAN OYSTER CATCHER/125.jpg,AFRICAN OYSTER CATCHER,train,HAEMATOPUS MOQUINI
6.0,train/AFRICAN OYSTER CATCHER/135.jpg,AFRICAN OYSTER CATCHER,train,HAEMATOPUS MOQUINI
6.0,train/AFRICAN OYSTER CATCHER/079.jpg,AFRICAN OYSTER CATCHER,train,HAEMATOPUS MOQUINI
6.0,train/AFRICAN OYSTER CATCHER/128.jpg,AFRICAN OYSTER CATCHER,train,HAEMATOPUS MOQUINI
6.0,train/AFRICAN OYSTER CATCHER/129.jpg,AFRICAN OYSTER CATCHER,train,HAEMATOPUS MOQUINI
6.0,train/AFRICAN OYSTER CATCHER/130.jpg,AFRICAN OYSTER CATCHER,train,HAEMATOPUS MOQUINI
6.0,train/AFRICAN OYSTER CATCHER/131.jpg,AFRICAN OYSTER CATCHER,train,HAEMATOPUS MOQUINI
6.0,train/AFRICAN OYSTER CATCHER/132.jpg,AFRICAN OYSTER CATCHER,train,HAEMATOPUS MOQUINI
6.0,train/AFRICAN OYSTER CATCHER/133.jpg,AFRICAN OYSTER CATCHER,train,HAEMATOPUS MOQUINI
6.0,train/AFRICAN OYSTER CATCHER/137.jpg,AFRICAN OYSTER CATCHER,train,HAEMATOPUS MOQUINI
6.0,train/AFRICAN OYSTER CATCHER/126.jpg,AFRICAN OYSTER CATCHER,train,HAEMATOPUS MOQUINI
6.0,train/AFRICAN OYSTER CATCHER/127.jpg,AFRICAN OYSTER CATCHER,train,HAEMATOPUS MOQUINI
6.0,train/AFRICAN OYSTER CATCHER/136.jpg,AFRICAN OYSTER CATCHER,train,HAEMATOPUS MOQUINI
6.0,train/AFRICAN OYSTER CATCHER/140.jpg,AFRICAN OYSTER CATCHER,train,HAEMATOPUS MOQUINI
6.0,train/AFRICAN OYSTER CATCHER/114.jpg,AFRICAN OYSTER CATCHER,train,HAEMATOPUS MOQUINI
6.0,train/AFRICAN OYSTER CATCHER/103.jpg,AFRICAN OYSTER CATCHER,train,HAEMATOPUS MOQUINI
6.0,train/AFRICAN OYSTER CATCHER/101.jpg,AFRICAN OYSTER CATCHER,train,HAEMATOPUS MOQUINI
6.0,train/AFRICAN OYSTER CATCHER/107.jpg,AFRICAN OYSTER CATCHER,train,HAEMATOPUS MOQUINI
6.0,train/AFRICAN OYSTER CATCHER/117.jpg,AFRICAN OYSTER CATCHER,train,HAEMATOPUS MOQUINI
6.0,train/AFRICAN OYSTER CATCHER/144.jpg,AFRICAN OYSTER CATCHER,train,HAEMATOPUS MOQUINI
6.0,train/AFRICAN OYSTER CATCHER/145.jpg,AFRICAN OYSTER CATCHER,train,HAEMATOPUS MOQUINI
6.0,train/AFRICAN OYSTER CATCHER/141.jpg,AFRICAN OYSTER CATCHER,train,HAEMATOPUS MOQUINI
6.0,train/AFRICAN OYSTER CATCHER/139.jpg,AFRICAN OYSTER CATCHER,train,HAEMATOPUS MOQUINI
6.0,train/AFRICAN OYSTER CATCHER/148.jpg,AFRICAN OYSTER CATCHER,train,HAEMATOPUS MOQUINI
6.0,train/AFRICAN OYSTER CATCHER/149.jpg,AFRICAN OYSTER CATCHER,train,HAEMATOPUS MOQUINI
6.0,train/AFRICAN OYSTER CATCHER/134.jpg,AFRICAN OYSTER CATCHER,train,HAEMATOPUS MOQUINI
6.0,train/AFRICAN OYSTER CATCHER/151.jpg,AFRICAN OYSTER CATCHER,train,HAEMATOPUS MOQUINI
6.0,train/AFRICAN OYSTER CATCHER/152.jpg,AFRICAN OYSTER CATCHER,train,HAEMATOPUS MOQUINI
6.0,train/AFRICAN OYSTER CATCHER/153.jpg,AFRICAN OYSTER CATCHER,train,HAEMATOPUS MOQUINI
6.0,train/AFRICAN OYSTER CATCHER/142.jpg,AFRICAN OYSTER CATCHER,train,HAEMATOPUS MOQUINI
6.0,train/AFRICAN OYSTER CATCHER/143.jpg,AFRICAN OYSTER CATCHER,train,HAEMATOPUS MOQUINI
